"ID","教材","単元","地域","質問","正答","誤答1","誤答2","誤答3","誤答4","誤答5","第1巡","第2巡","処置"
"summer-001","夏期講習","","北海道・東北","岩手県南部に見られる、入り組んだ海岸を何といいますか。","リアス海岸","砂浜海岸","隆起海岸","サンゴ礁海岸","岩石海岸","沈水海岸","意味確認済み","形式・重複・唯一正解確認済み","適合"
"summer-002","夏期講習","","北海道・東北","秋田県と青森県の県境にある世界自然遺産は何ですか。","白神山地","知床","屋久島","小笠原諸島","天塩山地","北見山地","意味確認済み","形式・重複・唯一正解確認済み","適合"
"summer-003","夏期講習","","北海道・東北","青森県と北海道をつなぐトンネルは何ですか。","青函トンネル","関門トンネル","新神戸トンネル","飛騨トンネル","関越トンネル","清水トンネル","意味確認済み","形式・重複・唯一正解確認済み","適合"
"summer-004","夏期講習","","北海道・東北","北海道東部にある世界自然遺産は何ですか。","知床","白神山地","屋久島","小笠原諸島","平泉","北海道","意味確認済み","形式・重複・唯一正解確認済み","適合"
"summer-005","夏期講習","","北海道・東北","北海道で稲作がさかんな平野は何ですか。","石狩平野","十勝平野","津軽平野","庄内平野","筑紫平野","秋田平野","意味確認済み","形式・重複・唯一正解確認済み","適合"
"summer-006","夏期講習","","北海道・東北","津軽平野で生産がさかんな農作物は何ですか。","りんご","さくらんぼ","ぶどう","もも","だいこん","みかん","意味確認済み","形式・重複・唯一正解確認済み","適合"
"summer-007","夏期講習","","北海道・東北","山形県で稲作がさかんな平野は何ですか。","庄内平野","津軽平野","仙台平野","秋田平野","石狩平野","筑紫平野","意味確認済み","形式・重複・唯一正解確認済み","適合"
"summer-008","夏期講習","","北海道・東北","庄内平野を流れる川は何ですか。","最上川","北上川","阿武隈川","雄物川","吉野川","木曽川","意味確認済み","形式・重複・唯一正解確認済み","適合"
"summer-009","夏期講習","","中部","新潟県で稲作が盛んな、日本海側の広い平野は何ですか。","越後平野","庄内平野","石狩平野","筑紫平野","津軽平野","秋田平野","意味確認済み","形式・重複・唯一正解確認済み","適合"
"summer-010","夏期講習","","中部","富山県にある、水力発電で有名なダムは何ですか。","黒部ダム","矢木沢ダム","奥只見ダム","御母衣ダム","宮ヶ瀬ダム","緑のダム","意味確認済み","形式・重複・唯一正解確認済み","適合"
"summer-011","夏期講習","","中部","石川県金沢市にある日本三名園の1つは何ですか。","兼六園","偕楽園","後楽園","栗林公園","玄宮園","縮景園","意味確認済み","形式・重複・唯一正解確認済み","誤答5個再構成"
"summer-012","夏期講習","","中部","飛騨山脈・木曽山脈・赤石山脈をまとめて何といいますか。","日本アルプス","奥羽山脈","中国山地","九州山地","中央アルプス","南アルプス","意味確認済み","形式・重複・唯一正解確認済み","誤答5個再構成"
"summer-013","夏期講習","","中部","静岡県と山梨県の県境にある世界遺産の山は何ですか。","富士山","立山","白山","浅間山","阿蘇山","御嶽山","意味確認済み","形式・重複・唯一正解確認済み","誤答5個再構成"
"summer-014","夏期講習","","中部","愛知県常滑市沖の人工島にある国際空港は何ですか。","中部国際空港","関西国際空港","成田国際空港","新千歳空港","大阪国際空港","神戸空港","意味確認済み","形式・重複・唯一正解確認済み","適合"
"summer-015","夏期講習","","中部","福井県鯖江市で生産がさかんな工業製品は何ですか。","眼鏡フレーム","刃物","洋食器","時計","自動車","船舶","意味確認済み","形式・重複・唯一正解確認済み","適合"
"summer-016","夏期講習","","中部","静岡県でお茶の栽培が有名な台地は何ですか。","牧之原台地","三方原台地","笠野原台地","シラス台地","武蔵野台地","下総台地","意味確認済み","形式・重複・唯一正解確認済み","適合"
"summer-017","夏期講習","","関東","東京都の南方にある世界自然遺産の諸島は何ですか。","小笠原諸島","伊豆諸島","屋久島","南西諸島","奄美大島","奄美大島・徳之島・沖縄島北部及び西表島","意味確認済み","形式・重複・唯一正解確認済み","適合"
"summer-018","夏期講習","","関東","日本最大の流域面積をもつ川は何ですか。","利根川","信濃川","荒川","多摩川","吉野川","四万十川","意味確認済み","形式・重複・唯一正解確認済み","適合"
"summer-019","夏期講習","","関東","日本で2番目に大きい湖は何ですか。","霞ヶ浦","琵琶湖","サロマ湖","猪苗代湖","洞爺湖","支笏湖","意味確認済み","形式・重複・唯一正解確認済み","適合"
"summer-020","夏期講習","","関東","日本三名園のうち茨城県にあるものは何ですか。","偕楽園","兼六園","後楽園","栗林公園","玄宮園","縮景園","意味確認済み","形式・重複・唯一正解確認済み","適合"
"summer-021","夏期講習","","関東","群馬県にある、かつて生糸の生産で栄えた世界文化遺産は何ですか。","富岡製糸場","足尾銅山","八幡製鉄所","佐渡金山","平泉","石見銀山","意味確認済み","形式・重複・唯一正解確認済み","適合"
"summer-022","夏期講習","","関東","栃木県にある世界文化遺産は何ですか。","日光の社寺","平泉","法隆寺","古都京都の文化財","富岡製糸場","石見銀山","意味確認済み","形式・重複・唯一正解確認済み","適合"
"summer-023","夏期講習","","関東","都市の近くで新鮮な野菜などを生産する農業を何といいますか。","近郊農業","高冷地農業","施設園芸農業","促成栽培","抑制栽培","近郊野菜栽培","意味確認済み","形式・重複・唯一正解確認済み","誤答5個再構成"
"summer-024","夏期講習","","関東","群馬県で高冷地農業が有名な村は何ですか。","嬬恋村","昭和村","川場村","片品村","野辺山村","川上村","意味確認済み","形式・重複・唯一正解確認済み","適合"
"summer-025","夏期講習","","近畿","琵琶湖から流れ出し、のちに淀川へつながる川は何ですか。","瀬田川","木曽川","吉野川","利根川","信濃川","四万十川","意味確認済み","形式・重複・唯一正解確認済み","適合"
"summer-026","夏期講習","","近畿","京都府にある日本三景の1つは何ですか。","天橋立","松島","宮島","三保松原","鳥取砂丘","浄土ヶ浜","意味確認済み","形式・重複・唯一正解確認済み","誤答5個再構成"
"summer-027","夏期講習","","近畿","兵庫県姫路市にある世界文化遺産の城は何ですか。","姫路城","松本城","犬山城","彦根城","熊本城","大阪城","意味確認済み","形式・重複・唯一正解確認済み","適合"
"summer-028","夏期講習","","近畿","大阪と世界各地を結ぶ国際空港は何ですか。","関西国際空港","大阪国際空港","中部国際空港","神戸空港","成田国際空港","新千歳空港","意味確認済み","形式・重複・唯一正解確認済み","適合"
"summer-029","夏期講習","","近畿","奈良時代に現在の奈良県に置かれた都は何ですか。","平城京","平安京","藤原京","長岡京","難波宮","恭仁京","意味確認済み","形式・重複・唯一正解確認済み","誤答5個再構成"
"summer-030","夏期講習","","近畿","奈良県にある世界最古の木造建築物で有名な寺は何ですか。","法隆寺","東大寺","薬師寺","唐招提寺","興福寺","西大寺","意味確認済み","形式・重複・唯一正解確認済み","誤答5個再構成"
"summer-031","夏期講習","","近畿","兵庫県の淡路島で栽培がさかんな野菜は何ですか。","たまねぎ","キャベツ","ねぎ","だいこん","きゅうり","はくさい","意味確認済み","形式・重複・唯一正解確認済み","適合"
"summer-032","夏期講習","","近畿","大阪は江戸時代、商業がさかんだったことから何と呼ばれましたか。","天下の台所","日本の台所","商人の都","水の都","天下の商都","商業の中心地","意味確認済み","形式・重複・唯一正解確認済み","誤答5個再構成"
"summer-033","夏期講習","","中国","鳥取県では、ねぎと何の生産がさかんですか。","日本なし","りんご","もも","ぶどう","だいこん","キャベツ","意味確認済み","形式・重複・唯一正解確認済み","適合"
"summer-034","夏期講習","","中国","岡山県の伝統的工芸品は何ですか。","備前焼","萩焼","九谷焼","有田焼","信楽焼","瀬戸焼","意味確認済み","形式・重複・唯一正解確認済み","適合"
"summer-035","夏期講習","","中国","広島県の工業では何の生産がさかんですか。","自動車","船舶","鉄鋼製品","繊維製品","鉄鋼","化学製品","意味確認済み","形式・重複・唯一正解確認済み","適合"
"summer-036","夏期講習","","中国","島根県の宍道湖では何の収穫がさかんですか。","しじみ","かき","あさり","のり","わかさぎ","うなぎ","意味確認済み","形式・重複・唯一正解確認済み","誤答5個再構成"
"summer-037","夏期講習","","中国","山口県の伝統的工芸品は何ですか。","萩焼","備前焼","九谷焼","有田焼","信楽焼","瀬戸焼","意味確認済み","形式・重複・唯一正解確認済み","適合"
"summer-038","夏期講習","","中国","山口県の秋吉台では、石灰岩を生かして何工業がさかんですか。","セメント工業","石油化学工業","鉄鋼業","製紙工業","自動車工業","造船業","意味確認済み","形式・重複・唯一正解確認済み","適合"
"summer-039","夏期講習","","中国","岡山県倉敷市の水島地区に発達した工業は何ですか。","石油化学工業","鉄鋼業","造船業","自動車工業","セメント工業","製紙工業","意味確認済み","形式・重複・唯一正解確認済み","適合"
"summer-040","夏期講習","","中国","瀬戸内工業地域に属する岡山県の代表的な工業都市はどこですか。","倉敷市","岡山市","玉野市","福山市","呉市","川崎市","意味確認済み","形式・重複・唯一正解確認済み","適合"
"summer-041","夏期講習","","四国","本州と四国を児島～坂出ルートで結ぶ橋は何ですか。","瀬戸大橋","明石海峡大橋","大鳴門橋","関門橋","多々羅大橋","来島海峡大橋","意味確認済み","形式・重複・唯一正解確認済み","適合"
"summer-042","夏期講習","","四国","降水量が少ない讃岐平野では、水を蓄えるために何をつくっていますか。","ため池","用水路","ダム","井戸","貯水槽","調整池","意味確認済み","形式・重複・唯一正解確認済み","誤答5個再構成"
"summer-043","夏期講習","","四国","日本最後の清流と呼ばれる、高知県を流れる川は何ですか。","四万十川","吉野川","仁淀川","物部川","木曽川","利根川","意味確認済み","形式・重複・唯一正解確認済み","適合"
"summer-044","夏期講習","","四国","徳島県で毎年8月に行われる有名なおどりは何ですか。","阿波おどり","よさこい祭り","ねぶた祭","花笠まつり","竿燈まつり","祇園祭","意味確認済み","形式・重複・唯一正解確認済み","適合"
"summer-045","夏期講習","","四国","香川県の代表的な郷土料理として知られる麺料理は何ですか。","讃岐うどん","きしめん","わんこそば","ほうとう","稲庭うどん","沖縄そば","意味確認済み","形式・重複・唯一正解確認済み","適合"
"summer-046","夏期講習","","四国","オリーブの生産がさかんな瀬戸内海の島は何ですか。","小豆島","淡路島","大三島","因島","択捉島","南鳥島","意味確認済み","形式・重複・唯一正解確認済み","適合"
"summer-047","夏期講習","","四国","愛媛県今治市で生産がさかんなものは何ですか。","タオル","うちわ","手袋","足袋","洋食器","刃物","意味確認済み","形式・重複・唯一正解確認済み","誤答5個再構成"
"summer-048","夏期講習","","四国","高知県の郷土料理として有名な、魚を表面だけ焼いた料理は何ですか。","かつおのたたき","ますずし","ふなずし","いかめし","さばずし","ぶり大根","意味確認済み","形式・重複・唯一正解確認済み","適合"
"summer-049","夏期講習","","九州・沖縄","福岡県の政令指定都市は、福岡市とどこですか。","北九州市","久留米市","大牟田市","佐世保市","玉野市","岡山市","意味確認済み","形式・重複・唯一正解確認済み","適合"
"summer-050","夏期講習","","九州・沖縄","佐賀県南部を中心に広がり、筑後川が流れる平野は何ですか。","筑紫平野","八代平野","宮崎平野","熊本平野","石狩平野","庄内平野","意味確認済み","形式・重複・唯一正解確認済み","適合"
"summer-051","夏期講習","","九州・沖縄","温泉地が多い大分県で、温泉を利用して行われる発電は何ですか。","地熱発電","水力発電","火力発電","風力発電","原子力発電","太陽光発電","意味確認済み","形式・重複・唯一正解確認済み","適合"
"summer-052","夏期講習","","九州・沖縄","世界最大級のカルデラを持つ熊本県の火山は何ですか。","阿蘇山","桜島","雲仙普賢岳","霧島山","富士山","浅間山","意味確認済み","形式・重複・唯一正解確認済み","適合"
"summer-053","夏期講習","","九州・沖縄","1950年代の熊本県で、工場排水が原因となった公害病は何ですか。","水俣病","イタイイタイ病","四日市ぜんそく","新潟水俣病","光化学スモッグ","ぜんそく","意味確認済み","形式・重複・唯一正解確認済み","誤答5個再構成"
"summer-054","夏期講習","","九州・沖縄","鹿児島県にある、火山灰が積もってできた台地を何といいますか。","シラス台地","牧之原台地","笠野原台地","三方原台地","武蔵野台地","下総台地","意味確認済み","形式・重複・唯一正解確認済み","適合"
"summer-055","夏期講習","","九州・沖縄","鹿児島県にある世界自然遺産の島は何ですか。","屋久島","奄美大島","種子島","小笠原諸島","択捉島","南鳥島","意味確認済み","形式・重複・唯一正解確認済み","適合"
"summer-056","夏期講習","","九州・沖縄","沖縄県の島の周りに広がり、観光資源にもなっているものは何ですか。","さんご礁","干潟","砂丘","リアス海岸","太平洋","東シナ海","意味確認済み","形式・重複・唯一正解確認済み","適合"
"summer-057","夏期講習","","北海道・東北","北海道で製紙・パルプ工業がさかんな都市は、釧路とどこですか。","苫小牧","室蘭","旭川","函館","帯広","北見","意味確認済み","形式・重複・唯一正解確認済み","誤答5個再構成"
"summer-058","夏期講習","","北海道・東北","秋田県にある日本三大美林の1つは何ですか。","秋田杉","青森ひば","木曽ひのき","吉野杉","屋久杉","秋田ひば","意味確認済み","形式・重複・唯一正解確認済み","誤答5個再構成"
"summer-059","夏期講習","","北海道・東北","東北自動車道沿いに多く立ち並んでいる工場は何工場ですか。","自動車工場","IC工場","製紙工場","造船所","化学工場","食品工場","意味確認済み","形式・重複・唯一正解確認済み","適合"
"summer-060","夏期講習","","中部","石川県の伝統的工芸品は九谷焼・加賀友禅と、あと1つは何ですか。","輪島塗","会津塗","津軽塗","春慶塗","山中漆器","若狭塗","意味確認済み","形式・重複・唯一正解確認済み","適合"
"summer-061","夏期講習","","中部","静岡県の東海工業地域では、楽器・オートバイのほかに何の生産がさかんですか。","自動車","船舶","鉄鋼製品","繊維製品","化学製品","鉄鋼","意味確認済み","形式・重複・唯一正解確認済み","適合"
"summer-062","夏期講習","","関東","京浜工業地帯で、鉄鋼・石油化学工業がさかんな神奈川県の都市はどこですか。","川崎市","横浜市","千葉市","市原市","鹿嶋市","玉野市","意味確認済み","形式・重複・唯一正解確認済み","適合"
"summer-063","夏期講習","","関東","茨城県で、台風の被害を避けるため出荷時期を早めた米を何といいますか。","早場米","新米","二期作米","もち米","早生米","晩生米","意味確認済み","形式・重複・唯一正解確認済み","誤答5個再構成"
"summer-064","夏期講習","","関東","嬬恋村でさかんに生産されている野菜をまとめて何といいますか。","高原野菜","近郊野菜","京野菜","促成野菜","夏秋野菜","冷涼地野菜","意味確認済み","形式・重複・唯一正解確認済み","誤答5個再構成"
"summer-065","夏期講習","","近畿","三重県四日市市も含まれる日本の工業地帯は何ですか。","中京工業地帯","阪神工業地帯","京浜工業地帯","瀬戸内工業地域","京葉工業地域","北関東工業地域","意味確認済み","形式・重複・唯一正解確認済み","適合"
"summer-066","夏期講習","","中国","瀬戸内工業地域に属する岡山県の都市は、倉敷市とどこですか。","玉野市","岡山市","福山市","呉市","倉敷市","川崎市","意味確認済み","形式・重複・唯一正解確認済み","適合"
"summer-067","夏期講習","","中国","岡山県倉敷市の児島地区で生産が盛んな衣料品は何ですか。","ジーンズ","タオル","学生服","作業服","デニムシャツ","帆布製品","意味確認済み","形式・重複・唯一正解確認済み","誤答5個再構成"
"summer-068","夏期講習","","四国","愛媛県西部に位置する海は何ですか。","宇和海","燧灘","土佐湾","伊予灘","日本海","東シナ海","意味確認済み","形式・重複・唯一正解確認済み","適合"
"summer-069","夏期講習","","四国","瀬戸内しまなみ海道は、広島県尾道市と愛媛県のどこを結んでいますか。","今治市","松山市","新居浜市","宇和島市","岡山市","福山市","意味確認済み","形式・重複・唯一正解確認済み","適合"
"summer-070","夏期講習","","四国","徳島県と兵庫県の淡路島を結ぶ橋は何ですか。","大鳴門橋","明石海峡大橋","瀬戸大橋","来島海峡大橋","関門橋","多々羅大橋","意味確認済み","形式・重複・唯一正解確認済み","適合"
"summer-071","夏期講習","","四国","香川用水の水源となっている川は何ですか。","吉野川","四万十川","仁淀川","重信川","利根川","木曽川","意味確認済み","形式・重複・唯一正解確認済み","適合"
"summer-072","夏期講習","","四国","愛媛県の県庁所在地はどこですか。","松山市","高松市","徳島市","高知市","仙台市","横浜市","意味確認済み","形式・重複・唯一正解確認済み","適合"
"summer-073","夏期講習","","四国","徳島県北部、鳴門海峡に近い砂地で栽培されるさつまいもは何ですか。","鳴門金時","安納いも","紅あずま","五郎島金時","紅はるか","シルクスイート","意味確認済み","形式・重複・唯一正解確認済み","誤答5個再構成"
"summer-074","夏期講習","","四国","香川県坂出市でさかんに行われている工業は何ですか。","造船業","自動車工業","鉄鋼業","石油化学工業","セメント工業","製紙工業","意味確認済み","形式・重複・唯一正解確認済み","適合"
"summer-075","夏期講習","","四国","宇和海では真珠と何の養殖がさかんですか。","たい","ぶり","かき","のり","はまち","ひらめ","意味確認済み","形式・重複・唯一正解確認済み","誤答5個再構成"
"summer-076","夏期講習","","九州・沖縄","たたみ表になるい草の生産がさかんな熊本県の平野は何ですか。","八代平野","筑紫平野","熊本平野","宮崎平野","庄内平野","石狩平野","意味確認済み","形式・重複・唯一正解確認済み","適合"
"summer-077","夏期講習","","九州・沖縄","宮崎平野でピーマンやきゅうりなどの収穫時期を早める栽培方法は何ですか。","促成栽培","抑制栽培","果樹栽培","マルチ栽培","水耕栽培","露地栽培","意味確認済み","形式・重複・唯一正解確認済み","適合"
"summer-078","夏期講習","","九州・沖縄","鹿児島県のシラス台地で、お茶とともに生産がさかんな農産物は何ですか。","さつまいも","じゃがいも","さとうきび","だいこん","もも","りんご","意味確認済み","形式・重複・唯一正解確認済み","適合"
"summer-079","夏期講習","","九州・沖縄","沖縄県の島の中で最も面積が大きい島は何ですか。","沖縄本島","石垣島","宮古島","西表島","沖ノ鳥島","与那国島","意味確認済み","形式・重複・唯一正解確認済み","適合"
"summer-080","夏期講習","","九州・沖縄","九州地方の各地の空港や高速道路の近くに進出している工場は何工場ですか。","IC工場","自動車工場","製鉄所","石油化学工場","化学工場","食品工場","意味確認済み","形式・重複・唯一正解確認済み","適合"
"summer-081","夏期講習","","北海道・東北","岩手県で中尊寺金色堂がある、世界文化遺産の地域は何ですか。","平泉","日光","鎌倉","白川郷","石見銀山","富岡製糸場","意味確認済み","形式・重複・唯一正解確認済み","適合"
"summer-082","夏期講習","","北海道・東北","北海道の代表的な山で、石狩平野の西側にある火山は何ですか。","有珠山","羊蹄山","大雪山","十勝岳","樽前山","駒ヶ岳","意味確認済み","形式・重複・唯一正解確認済み","誤答5個再構成"
"summer-083","夏期講習","","北海道・東北","北海道西部を南北にのびる山地は何ですか。","日高山脈","北見山地","天塩山地","夕張山地","越後山脈","赤石山脈","意味確認済み","形式・重複・唯一正解確認済み","適合"
"summer-084","夏期講習","","北海道・東北","青森県の伝統的な祭りで、大型の灯籠を使うものは何ですか。","ねぶた祭","竿燈まつり","花笠まつり","仙台七夕まつり","阿波おどり","よさこい祭り","意味確認済み","形式・重複・唯一正解確認済み","適合"
"summer-085","夏期講習","","北海道・東北","秋田県の伝統的な祭りで、多くのちょうちんを付けた竿を使うものは何ですか。","竿燈まつり","ねぶた祭","花笠まつり","仙台七夕まつり","阿波おどり","よさこい祭り","意味確認済み","形式・重複・唯一正解確認済み","適合"
"summer-086","夏期講習","","北海道・東北","山形県の伝統的な祭りで、大きな花笠を使うものは何ですか。","花笠まつり","ねぶた祭","竿燈まつり","仙台七夕まつり","阿波おどり","よさこい祭り","意味確認済み","形式・重複・唯一正解確認済み","適合"
"summer-087","夏期講習","","北海道・東北","岩手県盛岡市の伝統的工芸品で、鉄製の茶がまや鉄びんなどを何といいますか。","南部鉄器","山形鋳物","高岡銅器","燕鎚起銅器","肥後象嵌","東京銀器","意味確認済み","形式・重複・唯一正解確認済み","適合"
"summer-088","夏期講習","","北海道・東北","山形県天童市で生産がさかんな伝統的工芸品は何ですか。","将棋駒","こけし","曲げわっぱ","赤べこ","箱根寄木細工","木彫り熊","意味確認済み","形式・重複・唯一正解確認済み","適合"
"summer-089","夏期講習","","中部","長野県内を流れ、新潟県に入ると信濃川と呼ばれる川は何ですか。","千曲川","天竜川","木曽川","富士川","吉野川","信濃川","意味確認済み","形式・重複・唯一正解確認済み","適合"
"summer-090","夏期講習","","中部","山梨県の県庁所在地はどこですか。","甲府市","長野市","静岡市","前橋市","仙台市","横浜市","意味確認済み","形式・重複・唯一正解確認済み","適合"
"summer-091","夏期講習","","中部","山梨県で栽培されたぶどうを原料に生産が盛んな飲み物は何ですか。","ワイン","日本酒","ビール","ぶどうジュース","ブランデー","シードル","意味確認済み","形式・重複・唯一正解確認済み","誤答5個再構成"
"summer-092","夏期講習","","中部","石川県金沢市で生産が盛んな、工芸品の装飾にも使われるものは何ですか。","金箔","銀箔","金糸","銀糸","漆","螺鈿","意味確認済み","形式・重複・唯一正解確認済み","適合"
"summer-093","夏期講習","","中部","愛知県の渥美半島で、メロンとともに栽培が有名な花は何ですか。","電照菊","チューリップ","カーネーション","ラベンダー","バラ","シクラメン","意味確認済み","形式・重複・唯一正解確認済み","誤答5個再構成"
"summer-094","夏期講習","","中部","山梨県を流れる川の水を利用して行われる発電は何ですか。","水力発電","地熱発電","火力発電","風力発電","原子力発電","太陽光発電","意味確認済み","形式・重複・唯一正解確認済み","適合"
"summer-095","夏期講習","","中部","富山県・岐阜県・長野県にまたがる山脈は何ですか。","飛騨山脈","木曽山脈","赤石山脈","越後山脈","奥羽山脈","日高山脈","意味確認済み","形式・重複・唯一正解確認済み","適合"
"summer-096","夏期講習","","中部","長野県から岐阜県方面に連なる山脈は何ですか。","木曽山脈","飛騨山脈","赤石山脈","越後山脈","奥羽山脈","日高山脈","意味確認済み","形式・重複・唯一正解確認済み","適合"
"summer-097","夏期講習","","中部","長野県・山梨県・静岡県に連なる山脈は何ですか。","赤石山脈","飛騨山脈","木曽山脈","越後山脈","奥羽山脈","日高山脈","意味確認済み","形式・重複・唯一正解確認済み","適合"
"summer-098","夏期講習","","中部","静岡県の浜名湖でさかんな養殖は何ですか。","うなぎの養殖","あゆの養殖","のりの養殖","真珠の養殖","かきの養殖","たいの養殖","意味確認済み","形式・重複・唯一正解確認済み","誤答5個再構成"
"summer-099","夏期講習","","中部","静岡県浜松市で生産が盛んな代表的な楽器は何ですか。","ピアノ","三線","琴","和太鼓","三味線","尺八","意味確認済み","形式・重複・唯一正解確認済み","適合"
"summer-100","夏期講習","","関東","茨城県鹿嶋市の製鉄所で生産される主なものは何ですか。","鉄鋼","自動車","半導体","陶磁器","化学製品","機械類","意味確認済み","形式・重複・唯一正解確認済み","誤答5個再構成"
"summer-101","夏期講習","","関東","利根川上流にあり、首都圏の重要な水源となっているダムは何ですか。","矢木沢ダム","黒部ダム","奥只見ダム","宮ヶ瀬ダム","御母衣ダム","緑のダム","意味確認済み","形式・重複・唯一正解確認済み","適合"
"summer-102","夏期講習","","関東","茨城県と千葉県の県境を流れる大きな川は何ですか。","利根川","信濃川","荒川","多摩川","吉野川","木曽川","意味確認済み","形式・重複・唯一正解確認済み","適合"
"summer-103","夏期講習","","関東","群馬県の嬬恋村で特に生産がさかんな高原野菜は何ですか。","キャベツ","レタス","はくさい","だいこん","きゅうり","たまねぎ","意味確認済み","形式・重複・唯一正解確認済み","適合"
"summer-104","夏期講習","","関東","京葉工業地域で石油化学工業がさかんな千葉県の都市はどこですか。","市原市","千葉市","川崎市","鹿嶋市","横浜市","玉野市","意味確認済み","形式・重複・唯一正解確認済み","適合"
"summer-105","夏期講習","","関東","東京都八丈島の伝統的工芸品は何ですか。","黄八丈","大島紬","西陣織","結城紬","博多織","久留米絣","意味確認済み","形式・重複・唯一正解確認済み","適合"
"summer-106","夏期講習","","関東","茨城県の鹿島臨海工業地域にある特徴的な港は、何字型の掘り込み港ですか。","Y字型","X字型","T字型","L字型","U字型","V字型","意味確認済み","形式・重複・唯一正解確認済み","誤答5個再構成"
"summer-107","夏期講習","","関東","東京都と神奈川県を中心に広がる工業地帯は何ですか。","京浜工業地帯","京葉工業地域","中京工業地帯","阪神工業地帯","北関東工業地域","瀬戸内工業地域","意味確認済み","形式・重複・唯一正解確認済み","適合"
"summer-108","夏期講習","","関東","千葉県の東京湾岸に広がる工業地域は何ですか。","京葉工業地域","京浜工業地帯","北関東工業地域","瀬戸内工業地域","東海工業地域","大分臨海工業地域","意味確認済み","形式・重複・唯一正解確認済み","適合"
"summer-109","夏期講習","","関東","群馬県・栃木県・茨城県を中心に広がる工業地域は何ですか。","北関東工業地域","京葉工業地域","東海工業地域","瀬戸内工業地域","大分臨海工業地域","鹿島臨海工業地域","意味確認済み","形式・重複・唯一正解確認済み","適合"
"summer-110","夏期講習","","近畿","京都府南部で栽培が盛んな茶を何といいますか。","宇治茶","静岡茶","狭山茶","八女茶","知覧茶","伊勢茶","意味確認済み","形式・重複・唯一正解確認済み","誤答5個再構成"
"summer-111","夏期講習","","近畿","滋賀県で稲作が行われている盆地は何ですか。","近江盆地","京都盆地","奈良盆地","甲府盆地","山形盆地","松本盆地","意味確認済み","形式・重複・唯一正解確認済み","適合"
"summer-112","夏期講習","","近畿","京都で栽培される九条ねぎなどの野菜をまとめて何といいますか。","京野菜","高原野菜","近郊野菜","加賀野菜","江戸東京野菜","大和野菜","意味確認済み","形式・重複・唯一正解確認済み","誤答5個再構成"
"summer-113","夏期講習","","近畿","京都府の代表的な伝統的工芸品である織物は何ですか。","西陣織","博多織","結城紬","大島紬","黄八丈","久留米絣","意味確認済み","形式・重複・唯一正解確認済み","適合"
"summer-114","夏期講習","","近畿","三重県四日市市で発生した代表的な公害病は何ですか。","四日市ぜんそく","水俣病","イタイイタイ病","新潟水俣病","光化学スモッグ","ぜんそく","意味確認済み","形式・重複・唯一正解確認済み","誤答5個再構成"
"summer-115","夏期講習","","近畿","大阪府と兵庫県に広がり、機械類の生産がさかんな工業地帯は何ですか。","阪神工業地帯","中京工業地帯","京浜工業地帯","瀬戸内工業地域","京葉工業地域","北関東工業地域","意味確認済み","形式・重複・唯一正解確認済み","適合"
"summer-116","夏期講習","","近畿","和歌山県で、みかん・うめとともに生産がさかんな果物は何ですか。","かき","キウイフルーツ","もも","なし","りんご","ぶどう","意味確認済み","形式・重複・唯一正解確認済み","適合"
"summer-117","夏期講習","","近畿","三重県志摩半島でさかんな養殖は何ですか。","真珠の養殖","のりの養殖","かきの養殖","うなぎの養殖","たいの養殖","わかめの養殖","意味確認済み","形式・重複・唯一正解確認済み","誤答5個再構成"
"summer-118","夏期講習","","近畿","兵庫県神戸市と淡路島を結ぶ橋は何ですか。","明石海峡大橋","瀬戸大橋","大鳴門橋","関門橋","来島海峡大橋","多々羅大橋","意味確認済み","形式・重複・唯一正解確認済み","適合"
"summer-119","夏期講習","","近畿","京都盆地から大阪平野を通り、大阪湾へ流れる川は何ですか。","淀川","大和川","紀の川","木津川","吉野川","木曽川","意味確認済み","形式・重複・唯一正解確認済み","適合"
"summer-120","夏期講習","","中国","鳥取砂丘周辺の砂地で栽培が盛んな作物は何ですか。","らっきょう","れんこん","さとうきび","てんさい","さくらんぼ","りんご","意味確認済み","形式・重複・唯一正解確認済み","適合"
"summer-121","夏期講習","","中国","島根県大田市にある世界文化遺産の鉱山跡は何ですか。","石見銀山","佐渡金山","足尾銅山","別子銅山","生野銀山","石見銅山","意味確認済み","形式・重複・唯一正解確認済み","誤答5個再構成"
"summer-122","夏期講習","","中国","広島湾で養殖が盛んな貝は何ですか。","かき（貝）","真珠貝","あさり","しじみ","ほたて","はまぐり","意味確認済み","形式・重複・唯一正解確認済み","誤答5個再構成"
"summer-123","夏期講習","","中国","山口県下関市の名物として知られる魚は何ですか。","ふぐ","かつお","さけ","にしん","たい","あじ","意味確認済み","形式・重複・唯一正解確認済み","誤答5個再構成"
"summer-124","夏期講習","","中国","岡山県倉敷市の美観地区で見られる代表的な町並みはどれですか。","白壁の蔵屋敷","合掌造りの集落","赤瓦の住宅","雁木の通路","石畳の町並み","武家屋敷","意味確認済み","形式・重複・唯一正解確認済み","誤答5個再構成"
"summer-125","夏期講習","","中国","広島県の伝統的工芸品で、毛先を使う文房具は何ですか。","熊野筆","赤間硯","奈良筆","播州そろばん","豊橋筆","雄勝硯","意味確認済み","形式・重複・唯一正解確認済み","適合"
"summer-126","夏期講習","","中国","山口県の秋吉台に見られる、石灰岩がつくる地形を何といいますか。","カルスト地形","リアス海岸","扇状地","三角州","砂丘","盆地","意味確認済み","形式・重複・唯一正解確認済み","誤答5個再構成"
"summer-127","夏期講習","","四国","香川県の県庁所在地はどこですか。","高松市","松山市","徳島市","高知市","仙台市","横浜市","意味確認済み","形式・重複・唯一正解確認済み","適合"
"summer-128","夏期講習","","四国","高知平野で特にたくさん生産されている野菜は、何やピーマンですか。","なす","きゅうり","トマト","キャベツ","だいこん","レタス","意味確認済み","形式・重複・唯一正解確認済み","誤答5個再構成"
"summer-129","夏期講習","","四国","高知平野で野菜の出荷時期を早めるために使われる施設は何ですか。","ビニールハウス","ガラス温室","ビニールトンネル","育苗ハウス","冷蔵施設","選果場","意味確認済み","形式・重複・唯一正解確認済み","適合"
"summer-130","夏期講習","","四国","高知県南東部で太平洋へ突き出した岬は何ですか。","室戸岬","足摺岬","佐田岬","潮岬","吉野川","四万十川","意味確認済み","形式・重複・唯一正解確認済み","適合"
"summer-131","夏期講習","","四国","徳島県と淡路島の間の鳴門海峡で有名な自然現象は何ですか。","うず潮","流氷","海霧","赤潮","潮目","高潮","意味確認済み","形式・重複・唯一正解確認済み","誤答5個再構成"
"summer-132","夏期講習","","九州・沖縄","活火山の雲仙普賢岳があり、長いリアス海岸を持つ県はどこですか。","長崎県","佐賀県","熊本県","宮崎県","兵庫県","山梨県","意味確認済み","形式・重複・唯一正解確認済み","適合"
"summer-133","夏期講習","","九州・沖縄","宮崎県で生産される代表的なブランド牛は何ですか。","宮崎牛","松阪牛","米沢牛","神戸牛","近江牛","前沢牛","意味確認済み","形式・重複・唯一正解確認済み","誤答5個再構成"
"summer-134","夏期講習","","九州・沖縄","福岡県や佐賀県に広がる筑紫平野でさかんな農業は何ですか。","二毛作","二期作","輪作","促成栽培","稲作","畑作","意味確認済み","形式・重複・唯一正解確認済み","適合"
"summer-135","夏期講習","","九州・沖縄","佐賀県などに面する有明海でさかんな養殖は何ですか。","のりの養殖","かきの養殖","真珠の養殖","うなぎの養殖","たいの養殖","わかめの養殖","意味確認済み","形式・重複・唯一正解確認済み","誤答5個再構成"
"summer-136","夏期講習","","九州・沖縄","長崎市や佐世保市でさかんな工業は何ですか。","造船業","自動車工業","鉄鋼業","石油化学工業","セメント工業","製紙工業","意味確認済み","形式・重複・唯一正解確認済み","適合"
"summer-137","夏期講習","","九州・沖縄","しいたけやかぼすなどの生産がさかんな九州地方の県はどこですか。","大分県","宮崎県","熊本県","鹿児島県","兵庫県","山梨県","意味確認済み","形式・重複・唯一正解確認済み","適合"
"summer-138","夏期講習","","九州・沖縄","大分県にある、製鉄所や石油化学コンビナートが発達した工業地域は何ですか。","大分臨海工業地域","北九州工業地域","鹿島臨海工業地域","瀬戸内工業地域","京葉工業地域","北関東工業地域","意味確認済み","形式・重複・唯一正解確認済み","適合"
"summer-139","夏期講習","","九州・沖縄","地元でとれた農産物や水産物を、その地域で食べたり利用したりすることを何といいますか。","地産地消","産地直送","食料自給","地場産業","地域ブランド","地産外商","意味確認済み","形式・重複・唯一正解確認済み","誤答5個再構成"
"first-001","小4前期","1","日本","事故や事件が起きたときに警察へ知らせる電話番号は何番ですか。","110番","118番","119番","171番","117番","177番","意味確認済み","形式・重複・唯一正解確認済み","適合"
"first-002","小4前期","1","日本","火事や救急のときに消防へ知らせる電話番号は何番ですか。","119番","110番","118番","171番","117番","177番","意味確認済み","形式・重複・唯一正解確認済み","適合"
"first-003","小4前期","1","日本","交通事故が起きたときに現場へ急行して事故を調べる人はだれですか。","警察官","消防士","救急隊員","消防団員","警備員","交通指導員","意味確認済み","形式・重複・唯一正解確認済み","誤答5個再構成"
"first-004","小4前期","1","日本","火事の現場で消火や救助を行う人はだれですか。","消防士","警察官","救急隊員","消防団員","自衛隊員","海上保安官","意味確認済み","形式・重複・唯一正解確認済み","誤答5個再構成"
"first-005","小4前期","1","日本","川の水などを取り入れてきれいな水にする施設を何といいますか。","浄水場","ろ過池","下水管","取水口","貯水池","下水処理場","意味確認済み","形式・重複・唯一正解確認済み","適合"
"first-006","小4前期","1","日本","家庭や工場から出た汚れた水をきれいにする施設を何といいますか。","下水処理場","ろ過池","下水管","取水口","浄水場","ポンプ場","意味確認済み","形式・重複・唯一正解確認済み","適合"
"first-007","小4前期","1","日本","浄水場できれいにした水を一度ためて各家庭へ送る施設を何といいますか。","配水池","ろ過池","下水管","取水口","浄水場","貯水池","意味確認済み","形式・重複・唯一正解確認済み","適合"
"first-008","小4前期","1","日本","家庭で使う水のうち一般に最も割合が大きい用途は何ですか。","風呂","トイレ","炊事","洗濯","洗面","庭の散水","意味確認済み","形式・重複・唯一正解確認済み","適合"
"first-009","小4前期","1","日本","水源林には雨水をたくわえ川へ流れる水量を調整する働きがあります。この働きを何といいますか。","緑のダム","水の工場","雨の倉庫","川のポンプ","砂防ダム","黒部ダム","意味確認済み","形式・重複・唯一正解確認済み","適合"
"first-010","小4前期","1","日本","日ごろから火災に備えて地域を見回ったり消火訓練をしたりする地域の組織を何といいますか。","消防団","町内会","警察署","水防団","町内会防災部","消防署","意味確認済み","形式・重複・唯一正解確認済み","適合"
"first-011","小4前期","1","日本","警察への110番通報を受けて警察官へ連絡する施設を何といいますか。","通信指令室","消防指令センター","県警本部","警察署","交番","通信司令室","意味確認済み","形式・重複・唯一正解確認済み","誤答5個再構成"
"first-012","小4前期","1","日本","消防への119番通報を受けて消防署などへ出動を指令する施設を何といいますか。","消防指令センター","通信指令室","警察署","消防署","救急指令室","防災センター","意味確認済み","形式・重複・唯一正解確認済み","誤答5個再構成"
"first-013","小4前期","1","日本","けが人や急病人を病院へ運ぶ車を何といいますか。","救急車","消防車","給水車","パトカー","献血車","福祉車両","意味確認済み","形式・重複・唯一正解確認済み","適合"
"first-014","小4前期","1","日本","火災現場で消防車へ水を供給する道路上の設備を何といいますか。","消火栓","防火水槽","スプリンクラー","送水口","消火器","消防用水","意味確認済み","形式・重複・唯一正解確認済み","誤答5個再構成"
"first-015","小4前期","1","日本","消防署が定期的に建物の消防設備などを調べることを何といいますか。","立入検査","消火訓練","救助訓練","避難訓練","定期検査","防火検査","意味確認済み","形式・重複・唯一正解確認済み","適合"
"first-016","小4前期","1","日本","地域の人が火事に備えて行う訓練を何といいますか。","防火訓練","交通安全教室","救命講習","防犯パトロール","消火訓練","救助訓練","意味確認済み","形式・重複・唯一正解確認済み","適合"
"first-017","小4前期","1","日本","交通事故を防ぐため道路に設置され車や人の通行を整理する設備は何ですか。","信号機","横断歩道","道路標識","ガードレール","歩道橋","踏切","意味確認済み","形式・重複・唯一正解確認済み","誤答5個再構成"
"first-018","小4前期","1","日本","水道水のもとになる川やダムなどの水を何といいますか。","水源","ろ過池","下水管","取水口","配水池","浄水場","意味確認済み","形式・重複・唯一正解確認済み","適合"
"first-019","小4前期","1","日本","川から浄水場へ水を取り入れる施設を何といいますか。","取水口","ろ過池","下水管","浄水場","配水池","下水処理場","意味確認済み","形式・重複・唯一正解確認済み","適合"
"first-020","小4前期","1","日本","浄水場で水の中の細かな汚れをこし取る設備を何といいますか。","ろ過池","下水管","取水口","浄水場","配水池","貯水池","意味確認済み","形式・重複・唯一正解確認済み","適合"
"first-021","小4前期","1","日本","水道水を消毒するために使われる薬品は何ですか。","塩素","酸素","二酸化炭素","窒素","オゾン","フッ素","意味確認済み","形式・重複・唯一正解確認済み","誤答5個再構成"
"first-022","小4前期","1","日本","使った水が家庭から下水処理場へ流れる管を何といいますか。","下水管","ろ過池","取水口","浄水場","取水管","送水管","意味確認済み","形式・重複・唯一正解確認済み","適合"
"first-023","小4前期","1","日本","水洗トイレの水は使用後どの施設へ運ばれて処理されますか。","下水処理場","ろ過池","下水管","取水口","浄水場","ポンプ場","意味確認済み","形式・重複・唯一正解確認済み","適合"
"first-024","小4前期","1","日本","森林が雨水をたくわえることで洪水や何を防ぐ助けになりますか。","渇水","地震","津波","噴火","洪水","土砂災害","意味確認済み","形式・重複・唯一正解確認済み","誤答5個再構成"
"first-025","小4前期","1","日本","森林が水をたくわえ少しずつ川へ流す働きを何といいますか。","水源涵養","水質浄化","土砂流出防止","木材生産","二酸化炭素吸収","洪水緩和","意味確認済み","形式・重複・唯一正解確認済み","誤答5個再構成"
"first-026","小4前期","2","日本","燃やせるごみを高温で燃やす施設を何といいますか。","清掃工場","最終処分場","資源化センター","リサイクルセンター","ごみ集積所","粗大ごみ処理施設","意味確認済み","形式・重複・唯一正解確認済み","適合"
"first-027","小4前期","2","日本","ごみを資源としてもう一度利用することを何といいますか。","リサイクル","リデュース","リユース","再使用","分別回収","再資源化","意味確認済み","形式・重複・唯一正解確認済み","誤答5個再構成"
"first-028","小4前期","2","日本","使える物をくり返し使うことを何といいますか。","リユース","再生利用","リサイクル","リデュース","再資源化","分別回収","意味確認済み","形式・重複・唯一正解確認済み","誤答5個再構成"
"first-029","小4前期","2","日本","ごみそのものを減らす取り組みを何といいますか。","リデュース","リサイクル","リユース","再生利用","分別","再資源化","意味確認済み","形式・重複・唯一正解確認済み","誤答5個再構成"
"first-030","小4前期","2","日本","リデュース・リユース・リサイクルをまとめて何といいますか。","3R","分別","リユース","再生利用","リデュース","リサイクル","意味確認済み","形式・重複・唯一正解確認済み","適合"
"first-031","小4前期","2","日本","資源として再利用できる紙につけられる代表的な識別マークは何ですか。","紙製容器包装識別表示マーク","PETボトル識別表示マーク","プラスチック製容器包装識別表示マーク","アルミ缶識別マーク","スチール缶識別マーク","紙パックマーク","意味確認済み","形式・重複・唯一正解確認済み","誤答5個再構成"
"first-032","小4前期","2","日本","地域で長く受け継がれてきた技術で作られる工芸品を何といいますか。","伝統的工芸品","南部鉄器","江戸切子","備前焼","郷土工芸品","特産品","意味確認済み","形式・重複・唯一正解確認済み","適合"
"first-033","小4前期","2","日本","伝統的工芸品に指定されるには主に手作業で作られていることなどが必要です。技術や原材料はおよそ何年以上受け継がれている必要がありますか。","100年以上","50年以上","30年以上","10年以上","300年以上","500年以上","意味確認済み","形式・重複・唯一正解確認済み","適合"
"first-034","小4前期","2","日本","5月5日の国民の祝日を何といいますか。","こどもの日","成人の日","敬老の日","文化の日","スポーツの日","海の日","意味確認済み","形式・重複・唯一正解確認済み","適合"
"first-035","小4前期","2","日本","11月3日の国民の祝日を何といいますか。","文化の日","成人の日","敬老の日","山の日","こどもの日","海の日","意味確認済み","形式・重複・唯一正解確認済み","適合"
"first-036","小4前期","2","日本","ごみを燃やした後に残るものを何といいますか。","灰","資源ごみ","粗大ごみ","生ごみ","燃え殻","焼却残さ","意味確認済み","形式・重複・唯一正解確認済み","誤答5個再構成"
"first-037","小4前期","2","日本","ごみや焼却灰を最終的に埋め立てる場所を何といいますか。","最終処分場","下水処理場","清掃工場","資源化センター","リサイクルセンター","ごみ集積所","意味確認済み","形式・重複・唯一正解確認済み","誤答5個再構成"
"first-038","小4前期","2","日本","ごみを燃やすときに出る熱を利用してつくるものは何ですか。","電気","ガス","温水","蒸気","暖房用の熱","燃料","意味確認済み","形式・重複・唯一正解確認済み","誤答5個再構成"
"first-039","小4前期","2","日本","ごみを種類ごとに分けて出すことを何といいますか。","分別","リユース","再生利用","最終処分","リデュース","リサイクル","意味確認済み","形式・重複・唯一正解確認済み","適合"
"first-040","小4前期","2","日本","ペットボトルの識別表示に使われるアルファベットは何ですか。","PET","PAP","AL","STEEL","PP","PE","意味確認済み","形式・重複・唯一正解確認済み","誤答5個再構成"
"first-041","小4前期","2","日本","アルミ缶を資源として集めるのは何のためですか。","再生利用するため","燃やしやすくするため","埋め立てやすくするため","資源を節約するため","ごみを減らすため","新しい缶の材料にするため","意味確認済み","形式・重複・唯一正解確認済み","誤答5個再構成"
"first-042","小4前期","2","日本","牛乳パックは主に何の資源として再利用されますか。","紙","鉄","木材","ガラス","アルミニウム","プラスチック","意味確認済み","形式・重複・唯一正解確認済み","誤答5個再構成"
"first-043","小4前期","2","日本","スチール缶の主な材料は何ですか。","鉄","紙","木材","ガラス","鉄筋コンクリート","プラスチック","意味確認済み","形式・重複・唯一正解確認済み","適合"
"first-044","小4前期","2","日本","ごみを減らすため買い物袋を持参する取り組みを何といいますか。","マイバッグ","リサイクル","リデュース","リユース","再生利用","分別","意味確認済み","形式・重複・唯一正解確認済み","適合"
"first-045","小4前期","2","日本","使い終わった製品を材料に戻して新しい製品を作ることを何といいますか。","再生利用","リユース","最終処分","リサイクル","最終処分場","リデュース","意味確認済み","形式・重複・唯一正解確認済み","適合"
"first-046","小4前期","2","日本","伝統的工芸品を国が指定するとき中心となる役所はどこですか。","経済産業省","環境省","農林水産省","国土交通省","文化庁","総務省","意味確認済み","形式・重複・唯一正解確認済み","誤答5個再構成"
"first-047","小4前期","2","東京都","江戸切子はどの材料を加工して作る伝統的工芸品ですか。","ガラス","鉄","木材","紙","陶土","竹","意味確認済み","形式・重複・唯一正解確認済み","誤答5個再構成"
"first-048","小4前期","2","岩手県","南部鉄器は主に何を材料として作られますか。","鉄","紙","木材","ガラス","銅","アルミニウム","意味確認済み","形式・重複・唯一正解確認済み","誤答5個再構成"
"first-049","小4前期","2","日本","1月の第2月曜日の国民の祝日は何ですか。","成人の日","敬老の日","文化の日","山の日","こどもの日","海の日","意味確認済み","形式・重複・唯一正解確認済み","適合"
"first-050","小4前期","2","日本","9月の第3月曜日の国民の祝日は何ですか。","敬老の日","成人の日","文化の日","山の日","こどもの日","海の日","意味確認済み","形式・重複・唯一正解確認済み","適合"
"first-051","小4前期","3","日本","地図では通常どの方位が上になるように描かれていますか。","北","南","東","西","南西","南東","意味確認済み","形式・重複・唯一正解確認済み","適合"
"first-052","小4前期","3","日本","東と南の間の方位を何といいますか。","南東","北東","北西","南西","南","北","意味確認済み","形式・重複・唯一正解確認済み","適合"
"first-053","小4前期","3","日本","地図上の長さが実際の長さの何分の一かを表したものを何といいますか。","縮尺","標高","地形図","平面図","地図記号","等高線","意味確認済み","形式・重複・唯一正解確認済み","適合"
"first-054","小4前期","3","日本","2万5000分の1の地図で1cmは実際には何mですか。","250m","500m","1000m","2500m","50m","100m","意味確認済み","形式・重複・唯一正解確認済み","適合"
"first-055","小4前期","3","日本","5万分の1の地図で1cmは実際には何mですか。","500m","250m","1000m","5000m","50m","100m","意味確認済み","形式・重複・唯一正解確認済み","適合"
"first-056","小4前期","3","日本","土地の高さが同じ場所を結んだ線を何といいますか。","等高線","地形図","平面図","鳥瞰図","緯線","経線","意味確認済み","形式・重複・唯一正解確認済み","誤答5個再構成"
"first-057","小4前期","3","日本","等高線の間隔がせまい土地は傾斜が急ですか緩やかですか。","急","垂直","水平","緩やか","ほぼ同じ","どちらともいえない","意味確認済み","形式・重複・唯一正解確認済み","適合"
"first-058","小4前期","3","日本","空から地面を真下に見たように表す地図の描き方を何といいますか。","平面図","地形図","鳥瞰図","立体地図","断面図","案内図","意味確認済み","形式・重複・唯一正解確認済み","誤答5個再構成"
"first-059","小4前期","3","日本","国が発行する基本的な地図を何といいますか。","地形図","平面図","鳥瞰図","住宅地図","道路地図","土地利用図","意味確認済み","形式・重複・唯一正解確認済み","誤答5個再構成"
"first-060","小4前期","3","日本","地形図を発行している国の機関はどこですか。","国土地理院","気象庁","国税庁","文化庁","総務省統計局","国土交通省","意味確認済み","形式・重複・唯一正解確認済み","誤答5個再構成"
"first-061","小4前期","3","日本","北と東の間の方位を何といいますか。","北東","北西","南東","南西","南","北","意味確認済み","形式・重複・唯一正解確認済み","適合"
"first-062","小4前期","3","日本","南と西の間の方位を何といいますか。","南西","北東","北西","南東","南","北","意味確認済み","形式・重複・唯一正解確認済み","適合"
"first-063","小4前期","3","日本","西と北の間の方位を何といいますか。","北西","北東","南東","南西","南","北","意味確認済み","形式・重複・唯一正解確認済み","適合"
"first-064","小4前期","3","日本","地図上で方位を確かめるために使う印を何といいますか。","方位記号","地図記号","地形図","平面図","線状記号","面状記号","意味確認済み","形式・重複・唯一正解確認済み","適合"
"first-065","小4前期","3","日本","縮尺が大きい地図と小さい地図では狭い範囲を詳しく表すのはどちらですか。","縮尺が大きい地図","縮尺が小さい地図","どちらも同じ","地図の大きさだけでは決まらない","資料だけでは判断できない","どちらともいえない","意味確認済み","形式・重複・唯一正解確認済み","適合"
"first-066","小4前期","3","日本","2万5000分の1と5万分の1の地図ではより広い範囲を表すのはどちらですか。","5万分の1の地図","2万5000分の1の地図","どちらも同じ","地図の紙の大きさで決まる","どちらともいえない","資料だけでは判断できない","意味確認済み","形式・重複・唯一正解確認済み","適合"
"first-067","小4前期","3","日本","2万5000分の1の地図で4cmの距離は実際には何kmですか。","1km","0.5km","2km","4km","5km","2.5km","意味確認済み","形式・重複・唯一正解確認済み","適合"
"first-068","小4前期","3","日本","5万分の1の地図で2cmの距離は実際には何kmですか。","1km","0.5km","2km","5km","4km","2.5km","意味確認済み","形式・重複・唯一正解確認済み","適合"
"first-069","小4前期","3","日本","土地の高さや傾斜などを表した地図を何といいますか。","地形図","平面図","鳥瞰図","土地利用図","住宅地図","道路地図","意味確認済み","形式・重複・唯一正解確認済み","誤答5個再構成"
"first-070","小4前期","3","日本","等高線が閉じた輪になり内側ほど標高が高い場合どのような地形を表しますか。","山","谷","平地","くぼ地","盆地","丘","意味確認済み","形式・重複・唯一正解確認済み","誤答5個再構成"
"first-071","小4前期","3","日本","等高線が谷を横切るとき高い方へ向かって何字形になりますか。","V字形","U字形","O字形","X字形","W字形","Y字形","意味確認済み","形式・重複・唯一正解確認済み","誤答5個再構成"
"first-072","小4前期","3","日本","地形図に示される内容として正しいものはどれですか。","土地の高さ・道路・建物","翌日の天気予報","商品の値段","学校の時間割","人口の将来予測","電車の運行時刻","意味確認済み","形式・重複・唯一正解確認済み","誤答5個再構成"
"first-073","小4前期","3","日本","地図を一定の割合で小さくして表すことを何といいますか。","縮小","標高","縮尺","地形図","平面図","等高線","意味確認済み","形式・重複・唯一正解確認済み","適合"
"first-074","小4前期","3","日本","実際の距離を地図上の距離から求めるときに使うものは何ですか。","縮尺","標高","地形図","平面図","方位記号","距離目盛り","意味確認済み","形式・重複・唯一正解確認済み","誤答5個再構成"
"first-075","小4前期","3","日本","地形図に示された三角形の記号で標高を測る基準点を何といいますか。","三角点","水準点","電子基準点","標石","基準点","方位記号","意味確認済み","形式・重複・唯一正解確認済み","誤答5個再構成"
"first-076","小4前期","4","日本","地図上で土地利用や建物などを表す記号を何といいますか。","地図記号","方位記号","地形図","平面図","線状記号","面状記号","意味確認済み","形式・重複・唯一正解確認済み","適合"
"first-077","小4前期","4","日本","神社の地図記号は何をもとに作られていますか。","鳥居","歯車","卍","文","十字","稲の切り株","意味確認済み","形式・重複・唯一正解確認済み","誤答5個再構成"
"first-078","小4前期","4","日本","寺院の地図記号に使われている形は何ですか。","卍","文","歯車","鳥居","十字","稲の切り株","意味確認済み","形式・重複・唯一正解確認済み","誤答5個再構成"
"first-079","小4前期","4","日本","果樹園の地図記号は何の実をもとに作られていますか。","りんごの実","稲の切り株","杉の木","歯車","桑の葉","茶の実","意味確認済み","形式・重複・唯一正解確認済み","誤答5個再構成"
"first-080","小4前期","4","日本","針葉樹林の地図記号は何の形をもとに作られていますか。","杉の木","歯車","鳥居","卍","広葉樹","竹","意味確認済み","形式・重複・唯一正解確認済み","誤答5個再構成"
"first-081","小4前期","4","日本","市役所と町村役場の地図記号について正しい説明はどれですか。","互いに異なる記号を使う","まったく同じ記号を使う","市役所にだけ記号がある","町村役場にだけ記号がある","地図記号","線状記号","意味確認済み","形式・重複・唯一正解確認済み","適合"
"first-082","小4前期","4","日本","等高線の間隔が広い土地は傾斜が急ですか緩やかですか。","緩やか","垂直","水平","急","ほぼ同じ","どちらともいえない","意味確認済み","形式・重複・唯一正解確認済み","適合"
"first-083","小4前期","4","日本","標高とは海面を基準にした土地の何を表しますか。","高さ","広さ","人口","気温","地形図","平面図","意味確認済み","形式・重複・唯一正解確認済み","適合"
"first-084","小4前期","4","日本","土地の高さや起伏を立体的に表した図を何といいますか。","鳥瞰図","地形図","平面図","等高線図","断面図","立体地図","意味確認済み","形式・重複・唯一正解確認済み","誤答5個再構成"
"first-085","小4前期","4","日本","昔と現在の地図を比べると何の変化を読み取れますか。","土地利用の変化","一日の気温変化","人の年齢変化","天気の変化","歯車","地形図","意味確認済み","形式・重複・唯一正解確認済み","適合"
"first-086","小4前期","4","日本","水田の地図記号は稲を刈り取った後の何を表していますか。","稲の切り株","りんごの実","杉の木","歯車","桑の葉","茶の実","意味確認済み","形式・重複・唯一正解確認済み","誤答5個再構成"
"first-087","小4前期","4","日本","桑畑の地図記号は桑の葉を簡略化したものです。桑の葉は何の飼育に使われますか。","蚕","牛","羊","にわとり","馬","豚","意味確認済み","形式・重複・唯一正解確認済み","誤答5個再構成"
"first-088","小4前期","4","日本","発電所の地図記号は何の形をもとにしていますか。","歯車","鳥居","卍","文","煙突","水車","意味確認済み","形式・重複・唯一正解確認済み","誤答5個再構成"
"first-089","小4前期","4","日本","工場の地図記号は何の形をもとにしていますか。","歯車","鳥居","卍","文","煙突","工場の屋根","意味確認済み","形式・重複・唯一正解確認済み","誤答5個再構成"
"first-090","小4前期","4","日本","学校の地図記号は何の文字をもとにしていますか。","文","卍","歯車","鳥居","学","校","意味確認済み","形式・重複・唯一正解確認済み","誤答5個再構成"
"first-091","小4前期","4","日本","郵便局の地図記号は何を表す昔の記号をもとにしていますか。","逓信省","文部省","大蔵省","農商務省","内務省","鉄道省","意味確認済み","形式・重複・唯一正解確認済み","誤答5個再構成"
"first-092","小4前期","4","日本","病院の地図記号は何の文字をもとにしていますか。","病院の「病」","医者の「医」","薬局の「薬」","救急の「救」","赤十字","看護の「看」","意味確認済み","形式・重複・唯一正解確認済み","誤答5個再構成"
"first-093","小4前期","4","日本","警察署の地図記号は警棒をどのように組み合わせた形ですか。","交差させた形","平行に並べた形","円で囲んだ形","三角形に並べた形","一本だけの形","十字に重ねた形","意味確認済み","形式・重複・唯一正解確認済み","誤答5個再構成"
"first-094","小4前期","4","日本","博物館と図書館の地図記号について正しい説明はどれですか。","互いに異なる記号を使う","まったく同じ記号を使う","博物館にだけ記号がある","図書館にだけ記号がある","地図記号","線状記号","意味確認済み","形式・重複・唯一正解確認済み","適合"
"first-095","小4前期","4","日本","地図記号を使う主な利点は何ですか。","地図を簡潔で分かりやすく表せること","地図を実物と同じ大きさにできること","未来の土地利用を決められること","すべての建物名を書けること","地図記号","線状記号","意味確認済み","形式・重複・唯一正解確認済み","適合"
"first-096","小4前期","4","日本","計曲線は通常何本ごとの主曲線を太くしたものですか。","5本ごと","2本ごと","10本ごと","20本ごと","4本ごと","25本ごと","意味確認済み","形式・重複・唯一正解確認済み","誤答5個再構成"
"first-097","小4前期","4","日本","2万5000分の1地形図の主曲線の間隔は何mですか。","10m","5m","20m","50m","500m","25m","意味確認済み","形式・重複・唯一正解確認済み","適合"
"first-098","小4前期","4","日本","5万分の1地形図の主曲線の間隔は何mですか。","20m","10m","25m","50m","500m","5m","意味確認済み","形式・重複・唯一正解確認済み","適合"
"first-099","小4前期","4","日本","地図上で道路や鉄道など線状のものを表す記号を何といいますか。","線状記号","地図記号","方位記号","地形図","面状記号","点状記号","意味確認済み","形式・重複・唯一正解確認済み","適合"
"first-100","小4前期","4","日本","地図上で田や畑など広がりのあるものを表す記号を何といいますか。","面状記号","地図記号","方位記号","地形図","線状記号","点状記号","意味確認済み","形式・重複・唯一正解確認済み","適合"
"first-101","小4前期","5","日本","日本の国土は4つの大きな島と多くの小さな島からなります。最も大きい島は何ですか。","本州","九州","四国","北海道","沖縄本島","佐渡島","意味確認済み","形式・重複・唯一正解確認済み","誤答5個再構成"
"first-102","小4前期","5","日本","日本の4つの大きな島のうち最も北にある島は何ですか。","北海道","九州","四国","本州","沖縄本島","佐渡島","意味確認済み","形式・重複・唯一正解確認済み","誤答5個再構成"
"first-103","小4前期","5","日本","日本の4つの大きな島のうち最も南にある島は何ですか。","九州","四国","本州","北海道","沖縄本島","佐渡島","意味確認済み","形式・重複・唯一正解確認済み","誤答5個再構成"
"first-104","小4前期","5","日本","日本の国土面積はおよそ何万平方kmですか。","38万平方km","18万平方km","58万平方km","78万平方km","28万平方km","48万平方km","意味確認済み","形式・重複・唯一正解確認済み","誤答5個再構成"
"first-105","小4前期","5","日本","日本で最も高い山は何ですか。","富士山","北岳","奥穂高岳","間ノ岳","浅間山","白山","意味確認済み","形式・重複・唯一正解確認済み","適合"
"first-106","小4前期","5","日本","日本で最も長い川は何ですか。","信濃川","利根川","吉野川","最上川","木曽川","四万十川","意味確認済み","形式・重複・唯一正解確認済み","適合"
"first-107","小4前期","5","日本","日本で最も大きい湖は何ですか。","琵琶湖","宍道湖","サロマ湖","猪苗代湖","洞爺湖","支笏湖","意味確認済み","形式・重複・唯一正解確認済み","適合"
"first-108","小4前期","5","日本","日本の周囲に広がる海のうち東側にある大洋は何ですか。","太平洋","日本海","東シナ海","オホーツク海","大西洋","北極海","意味確認済み","形式・重複・唯一正解確認済み","適合"
"first-109","小4前期","5","日本","日本の北西側に広がる海を何といいますか。","日本海","太平洋","東シナ海","オホーツク海","領海","宇和海","意味確認済み","形式・重複・唯一正解確認済み","適合"
"first-110","小4前期","5","日本","領海の外側にあり水産資源などを優先して利用できる水域を何といいますか。","排他的経済水域","領土","領域","領海","公海","接続水域","意味確認済み","形式・重複・唯一正解確認済み","誤答5個再構成"
"first-111","小4前期","5","日本","本州の南側に位置し4つの大きな島のうち最も小さい島は何ですか。","四国","九州","本州","北海道","沖縄本島","佐渡島","意味確認済み","形式・重複・唯一正解確認済み","誤答5個再構成"
"first-112","小4前期","5","日本","日本列島は全体として南北と東西のどちらに長く延びていますか。","南北","東西","北東から南西","北西から南東","ほぼ同じ","どちらともいえない","意味確認済み","形式・重複・唯一正解確認済み","適合"
"first-113","小4前期","5","日本","日本の国土の約4分の3を占める地形は何ですか。","山地","盆地","平野","丘陵","台地","高原","意味確認済み","形式・重複・唯一正解確認済み","誤答5個再構成"
"first-114","小4前期","5","日本","日本の川は外国の大河川に比べて長さが短く流れがどうなっていますか。","急","緩やか","ほとんど流れない","場所によらず一定","非常に遅い","逆流する","意味確認済み","形式・重複・唯一正解確認済み","誤答5個再構成"
"first-115","小4前期","5","日本","日本の湖が多く見られる場所はどこですか。","山地","海岸","平野","盆地","火山地域","低地","意味確認済み","形式・重複・唯一正解確認済み","誤答5個再構成"
"first-116","小4前期","5","日本","日本の周囲で北にある海を何といいますか。","オホーツク海","東シナ海","太平洋","日本海","領海","宇和海","意味確認済み","形式・重複・唯一正解確認済み","適合"
"first-117","小4前期","5","日本","日本の南西側に広がる海を何といいますか。","東シナ海","太平洋","日本海","オホーツク海","領海","宇和海","意味確認済み","形式・重複・唯一正解確認済み","適合"
"first-118","小4前期","5","日本","領土の周囲およそ12海里までの海を何といいますか。","領海","領土","領域","領空","日本海","東シナ海","意味確認済み","形式・重複・唯一正解確認済み","適合"
"first-119","小4前期","5","日本","領土と領海の上空を何といいますか。","領空","領土","領域","領海","公海","排他的経済水域","意味確認済み","形式・重複・唯一正解確認済み","適合"
"first-120","小4前期","5","日本","領土・領海・領空をまとめて何といいますか。","領域","領土","領海","領空","公海","排他的経済水域","意味確認済み","形式・重複・唯一正解確認済み","適合"
"first-121","小4前期","5","日本","日本の最東端の島は何ですか。","南鳥島","択捉島","与那国島","沖ノ鳥島","屋久島","小豆島","意味確認済み","形式・重複・唯一正解確認済み","適合"
"first-122","小4前期","5","日本","日本の最南端の島は何ですか。","沖ノ鳥島","与那国島","南鳥島","択捉島","屋久島","小豆島","意味確認済み","形式・重複・唯一正解確認済み","適合"
"first-123","小4前期","5","日本","日本の最西端の島は何ですか。","与那国島","沖ノ鳥島","南鳥島","択捉島","屋久島","小豆島","意味確認済み","形式・重複・唯一正解確認済み","適合"
"first-124","小4前期","5","日本","日本の最北端として日本が領有権を主張する島は何ですか。","択捉島","南鳥島","与那国島","沖ノ鳥島","屋久島","小豆島","意味確認済み","形式・重複・唯一正解確認済み","適合"
"first-125","小4前期","5","日本","日本の排他的経済水域について正しい説明はどれですか。","国土面積より広い","国土面積より狭い","国土面積と同じ","領海より狭い","領海と同じ","公海と同じ","意味確認済み","形式・重複・唯一正解確認済み","誤答5個再構成"
"first-126","小4前期","6","世界","地球上の位置を表す横の線を何といいますか。","緯線","経線","赤道","日付変更線","西経","東経","意味確認済み","形式・重複・唯一正解確認済み","適合"
"first-127","小4前期","6","世界","地球上の位置を表す縦の線を何といいますか。","経線","緯線","赤道","日付変更線","西経","東経","意味確認済み","形式・重複・唯一正解確認済み","適合"
"first-128","小4前期","6","世界","緯度0度の線を何といいますか。","赤道","経線","緯線","日付変更線","本初子午線","北回帰線","意味確認済み","形式・重複・唯一正解確認済み","誤答5個再構成"
"first-129","小4前期","6","世界","経度0度の線を何といいますか。","本初子午線","日付変更線","経線","緯線","西経","赤道","意味確認済み","形式・重複・唯一正解確認済み","適合"
"first-130","小4前期","6","ヨーロッパ","本初子午線が通るイギリスの地区はどこですか。","グリニッジ","ロンドン中心部","パリ","ローマ","ベルリン","マドリード","意味確認済み","形式・重複・唯一正解確認済み","誤答5個再構成"
"first-131","小4前期","6","日本","日本の標準時を決める経線は東経何度ですか。","東経135度","東経90度","東経150度","東経45度","東経120度","東経180度","意味確認済み","形式・重複・唯一正解確認済み","適合"
"first-132","小4前期","6","日本","日本標準時子午線が通る兵庫県の市はどこですか。","明石市","神戸市","姫路市","大阪市","横浜市","川崎市","意味確認済み","形式・重複・唯一正解確認済み","適合"
"first-133","小4前期","6","日本","日本は赤道より北側のどの半球に位置しますか。","北半球","南半球","東半球","西半球","赤道上","南極圏","意味確認済み","形式・重複・唯一正解確認済み","誤答5個再構成"
"first-134","小4前期","6","日本","日本は本初子午線より東側のどの半球に位置しますか。","東半球","西半球","北半球","南半球","赤道上","北極圏","意味確認済み","形式・重複・唯一正解確認済み","誤答5個再構成"
"first-135","小4前期","6","世界","日本と同じように太平洋を囲む地域を何地域といいますか。","環太平洋地域","東アジア地域","地中海地域","北極地域","環大西洋地域","東南アジア地域","意味確認済み","形式・重複・唯一正解確認済み","誤答5個再構成"
"first-136","小4前期","6","世界","赤道より北側の緯度を何といいますか。","北緯","南緯","東経","西経","経線","日付変更線","意味確認済み","形式・重複・唯一正解確認済み","適合"
"first-137","小4前期","6","世界","赤道より南側の緯度を何といいますか。","南緯","北緯","東経","西経","経線","日付変更線","意味確認済み","形式・重複・唯一正解確認済み","適合"
"first-138","小4前期","6","世界","本初子午線より東側の経度を何といいますか。","東経","北緯","南緯","西経","経線","日付変更線","意味確認済み","形式・重複・唯一正解確認済み","適合"
"first-139","小4前期","6","世界","本初子午線より西側の経度を何といいますか。","西経","北緯","南緯","東経","経線","日付変更線","意味確認済み","形式・重複・唯一正解確認済み","適合"
"first-140","小4前期","6","世界","緯度は赤道を0度として南北それぞれ何度までありますか。","90度","45度","180度","360度","135度","10度","意味確認済み","形式・重複・唯一正解確認済み","適合"
"first-141","小4前期","6","世界","経度は本初子午線を0度として東西それぞれ何度までありますか。","180度","90度","135度","360度","45度","10度","意味確認済み","形式・重複・唯一正解確認済み","適合"
"first-142","小4前期","6","世界","緯線について正しい説明はどれですか。","互いに平行である","北極で交わる","南極で交わる","すべて同じ長さである","赤道と直角に交わる","南北方向に延びる","意味確認済み","形式・重複・唯一正解確認済み","誤答5個再構成"
"first-143","小4前期","6","世界","経線について正しい説明はどれですか。","北極と南極で交わる","互いに平行である","赤道と交わらない","すべて東西方向に延びる","北極だけで交わる","南極だけで交わる","意味確認済み","形式・重複・唯一正解確認済み","誤答5個再構成"
"first-144","小4前期","6","日本","日本の国土はおよそ北緯何度から何度の間にありますか。","北緯20度から46度","北緯0度から20度","南緯20度から46度","北緯50度から70度","東経123度から154度","西経123度から154度","意味確認済み","形式・重複・唯一正解確認済み","適合"
"first-145","小4前期","6","日本","日本の国土はおよそ東経何度から何度の間にありますか。","東経123度から154度","東経80度から110度","西経123度から154度","東経160度から180度","北緯20度から46度","南緯20度から46度","意味確認済み","形式・重複・唯一正解確認済み","適合"
"first-146","小4前期","6","東アジア","日本と同じ大陸の東側に位置する国を1つ答えなさい。","韓国","中国","日本","ロシア","北朝鮮","モンゴル","意味確認済み","形式・重複・唯一正解確認済み","誤答5個再構成"
"first-147","小4前期","6","東アジア","日本の西に位置する大きな国はどこですか。","中国","日本","韓国","ロシア","モンゴル","インド","意味確認済み","形式・重複・唯一正解確認済み","誤答5個再構成"
"first-148","小4前期","6","ユーラシア","日本の北に位置する広大な国はどこですか。","ロシア","中国","日本","韓国","カナダ","アメリカ","意味確認済み","形式・重複・唯一正解確認済み","誤答5個再構成"
"first-149","小4前期","6","世界","日本の南東に広がる世界最大の海洋は何ですか。","太平洋","日本海","東シナ海","オホーツク海","大西洋","インド洋","意味確認済み","形式・重複・唯一正解確認済み","誤答5個再構成"
"first-150","小4前期","6","世界","世界地図で日本はユーラシア大陸の東側と西側のどちらに位置しますか。","東側","西側","北側","南側","ほぼ同じ","どちらともいえない","意味確認済み","形式・重複・唯一正解確認済み","適合"
"first-151","小4前期","7","世界","太陽が南中するとき太陽は東・南・西のどの方角にありますか。","南","北","東","西","南西","南東","意味確認済み","形式・重複・唯一正解確認済み","適合"
"first-152","小4前期","7","世界","地球は西から東と東から西のどちら向きに自転していますか。","西から東","東から西","北から南","南から北","ほぼ同じ","どちらともいえない","意味確認済み","形式・重複・唯一正解確認済み","適合"
"first-153","小4前期","7","世界","経度が東へ15度違うと時刻は何時間進みますか。","1時間","2時間","3時間","4時間","6時間","12時間","意味確認済み","形式・重複・唯一正解確認済み","適合"
"first-154","小4前期","7","世界","国や地域ごとに定めた基準となる時刻を何といいますか。","標準時","南中時","時差","現地時刻","世界時","日本標準時","意味確認済み","形式・重複・唯一正解確認済み","誤答5個再構成"
"first-155","小4前期","7","世界","世界各地の標準時の差を何といいますか。","時差","南中時刻","自転時間","標準時","現地時刻","世界時","意味確認済み","形式・重複・唯一正解確認済み","誤答5個再構成"
"first-156","小4前期","7","世界","ほぼ経度180度に沿って設けられ日付を調整する線を何といいますか。","日付変更線","本初子午線","経線","緯線","西経","東経","意味確認済み","形式・重複・唯一正解確認済み","適合"
"first-157","小4前期","7","世界","日付変更線を西から東へ越えると日付を1日進めますか戻しますか。","1日戻す","1日進める","日付を変えない","1週間戻す","1日遅らせる","前の日にする","意味確認済み","形式・重複・唯一正解確認済み","誤答5個再構成"
"first-158","小4前期","7","世界","日本とイギリスの標準時の差は何時間ですか。","9時間","6時間","12時間","15時間","2時間","1時間","意味確認済み","形式・重複・唯一正解確認済み","適合"
"first-159","小4前期","7","世界","日本とイギリスの時刻の関係として正しいものはどれですか。","日本の方が9時間進んでいる","日本の方が9時間遅れている","同じ時刻である","日本の方が1日進んでいる","日本の方が3時間進んでいる","日本の方が12時間進んでいる","意味確認済み","形式・重複・唯一正解確認済み","誤答5個再構成"
"first-160","小4前期","7","世界","2地点の時差を求めるとき、経度差を何で割りますか。","15","24","60","360","1","2","意味確認済み","形式・重複・唯一正解確認済み","適合"
"first-161","小4前期","7","世界","地球が1日に1回転する運動を何といいますか。","自転","南中","時差","標準時","経線","日付変更線","意味確認済み","形式・重複・唯一正解確認済み","適合"
"first-162","小4前期","7","世界","地球が1回自転するのにかかる時間は約何時間ですか。","24時間","12時間","36時間","48時間","2時間","1時間","意味確認済み","形式・重複・唯一正解確認済み","適合"
"first-163","小4前期","7","世界","地球が24時間で360度回転すると1時間で何度回転しますか。","15度","10度","20度","30度","90度","180度","意味確認済み","形式・重複・唯一正解確認済み","適合"
"first-164","小4前期","7","世界","太陽は東から西と西から東のどちらへ動いて見えますか。","東から西","西から東","北から南","南から北","ほぼ同じ","どちらともいえない","意味確認済み","形式・重複・唯一正解確認済み","適合"
"first-165","小4前期","7","世界","同じ経線上にある場所について正しい説明はどれですか。","太陽が南中する時刻がほぼ同じ","緯度が必ず同じ","気温が必ず同じ","日付が必ず異なる","太陽が昇る時刻が必ず同じ","季節が必ず同じ","意味確認済み","形式・重複・唯一正解確認済み","誤答5個再構成"
"first-166","小4前期","7","世界","東にある地域と西にある地域では太陽が先に昇るのはどちらですか。","東にある地域","西にある地域","どちらも同時","緯度が高い地域","地域によって異なる","どちらともいえない","意味確認済み","形式・重複・唯一正解確認済み","適合"
"first-167","小4前期","7","日本","日本の標準時は東経135度を基準にしています。この経線を何といいますか。","日本標準時子午線","日付変更線","本初子午線","東経130度線","東経140度線","東経150度線","意味確認済み","形式・重複・唯一正解確認済み","誤答5個再構成"
"first-168","小4前期","7","世界","日本が正午のときイギリスは同じ日の何時ですか。","午前3時","午前9時","午後3時","午後9時","午前0時","午前6時","意味確認済み","形式・重複・唯一正解確認済み","誤答5個再構成"
"first-169","小4前期","7","世界","日本が1月1日午前9時のときイギリスは何月何日の何時ですか。","1月1日午前0時","12月31日午前0時","1月1日午後6時","1月2日午前0時","午前3時","午後3時","意味確認済み","形式・重複・唯一正解確認済み","適合"
"first-170","小4前期","7","世界","日本より東にある場所の時刻は原則としてどうなりますか。","日本より進む","日本より遅れる","日本と必ず同じ","経度に関係なく決まる","緯度だけで決まる","日付だけが進む","意味確認済み","形式・重複・唯一正解確認済み","誤答5個再構成"
"first-171","小4前期","7","世界","日本より西にある場所の時刻は原則としてどうなりますか。","日本より遅れる","日本より進む","日本と必ず同じ","緯度だけで決まる","経度に関係なく決まる","日付だけが遅れる","意味確認済み","形式・重複・唯一正解確認済み","誤答5個再構成"
"first-172","小4前期","7","世界","日付変更線が直線ではなく曲がっている主な理由は何ですか。","同じ国や島で日付が分かれないようにするため","赤道に沿わせるため","すべての海を避けるため","本初子午線と重ねるため","国境をすべて避けるため","経度を測りやすくするため","意味確認済み","形式・重複・唯一正解確認済み","誤答5個再構成"
"first-173","小4前期","7","世界","日付変更線を東から西へ越えると日付を1日進めますか戻しますか。","1日進める","1日戻す","日付を変えない","1週間進める","次の日にする","前の日にする","意味確認済み","形式・重複・唯一正解確認済み","誤答5個再構成"
"first-174","小4前期","7","世界","経度差が30度ある2地点の時差は何時間ですか。","2時間","1時間","3時間","4時間","15時間","12時間","意味確認済み","形式・重複・唯一正解確認済み","適合"
"first-175","小4前期","7","世界","経度差が45度ある2地点の時差は何時間ですか。","3時間","1時間","2時間","4時間","15時間","12時間","意味確認済み","形式・重複・唯一正解確認済み","適合"
"first-176","小4前期","8","日本","日本の都道府県はいくつありますか。","47","43","45","49","1","2","意味確認済み","形式・重複・唯一正解確認済み","適合"
"first-177","小4前期","8","日本","日本の都はいくつありますか。","1","2","3","4","43","47","意味確認済み","形式・重複・唯一正解確認済み","適合"
"first-178","小4前期","8","日本","日本の道はいくつありますか。","1","2","3","4","43","47","意味確認済み","形式・重複・唯一正解確認済み","適合"
"first-179","小4前期","8","日本","日本の府はいくつありますか。","2","1","3","4","43","47","意味確認済み","形式・重複・唯一正解確認済み","適合"
"first-180","小4前期","8","日本","日本の県はいくつありますか。","43","42","44","47","1","2","意味確認済み","形式・重複・唯一正解確認済み","適合"
"first-181","小4前期","8","日本","日本の都はどこですか。","東京都","京都府","大阪府","北海道","神奈川県","兵庫県","意味確認済み","形式・重複・唯一正解確認済み","誤答5個再構成"
"first-182","小4前期","8","日本","日本にある府の組み合わせはどれですか。","大阪府と京都府","東京都と北海道","神奈川県と兵庫県","福岡県と沖縄県","京都府","大阪府","意味確認済み","形式・重複・唯一正解確認済み","適合"
"first-183","小4前期","8","日本","日本の都道府県で最も面積が大きいのはどこですか。","北海道","岩手県","長野県","福島県","新潟県","秋田県","意味確認済み","形式・重複・唯一正解確認済み","誤答5個再構成"
"first-184","小4前期","8","日本","日本の都道府県で最も面積が小さいのはどこですか。","香川県","京都府","兵庫県","北海道","千葉県","長野県","意味確認済み","形式・重複・唯一正解確認済み","適合"
"first-185","小4前期","8","日本","内陸県とは海に面していない都道府県のことです。内陸県はいくつありますか。","8","6","10","12","1","2","意味確認済み","形式・重複・唯一正解確認済み","適合"
"first-186","小4前期","8","北海道地方","北海道地方に属する都道府県は何ですか。","北海道","青森県","岩手県","東京都","沖縄県","京都府","意味確認済み","形式・重複・唯一正解確認済み","誤答5個再構成"
"first-187","小4前期","8","東北地方","東北地方の県はいくつありますか。","6県","5県","7県","8県","4県","9県","意味確認済み","形式・重複・唯一正解確認済み","適合"
"first-188","小4前期","8","関東地方","関東地方の都県はいくつありますか。","7都県","6都県","8都県","9都県","5県","6県","意味確認済み","形式・重複・唯一正解確認済み","適合"
"first-189","小4前期","8","中部地方","中部地方の県はいくつありますか。","9県","7県","8県","10県","5県","6県","意味確認済み","形式・重複・唯一正解確認済み","適合"
"first-190","小4前期","8","近畿地方","近畿地方の府県はいくつありますか。","7府県","6府県","8府県","9府県","5県","6県","意味確認済み","形式・重複・唯一正解確認済み","適合"
"first-191","小4前期","8","中国地方","中国地方の県はいくつありますか。","5県","4県","6県","7県","8県","9県","意味確認済み","形式・重複・唯一正解確認済み","適合"
"first-192","小4前期","8","四国地方","四国地方の県はいくつありますか。","4県","3県","5県","6県","7県","8県","意味確認済み","形式・重複・唯一正解確認済み","適合"
"first-193","小4前期","8","九州地方","九州地方の県はいくつありますか。","8県","7県","9県","10県","5県","6県","意味確認済み","形式・重複・唯一正解確認済み","適合"
"first-194","小4前期","8","東北地方","本州で最も面積が大きい都道府県はどこですか。","岩手県","京都府","兵庫県","北海道","千葉県","長野県","意味確認済み","形式・重複・唯一正解確認済み","適合"
"first-195","小4前期","8","日本","都道府県庁が置かれている都市を何といいますか。","都道府県庁所在地","政令指定都市","中核市","首都","地方中心都市","県庁所在都市","意味確認済み","形式・重複・唯一正解確認済み","誤答5個再構成"
"first-196","小4前期","8","日本","県名と県庁所在地名が異なる県を1つ答えなさい。","神奈川県","千葉県","青森県","長野県","兵庫県","香川県","意味確認済み","形式・重複・唯一正解確認済み","適合"
"first-197","小4前期","8","関東地方","神奈川県の県庁所在地はどこですか。","横浜市","川崎市","相模原市","横須賀市","仙台市","札幌市","意味確認済み","形式・重複・唯一正解確認済み","適合"
"first-198","小4前期","8","近畿地方","兵庫県の県庁所在地はどこですか。","神戸市","姫路市","尼崎市","西宮市","仙台市","横浜市","意味確認済み","形式・重複・唯一正解確認済み","適合"
"first-199","小4前期","8","中部地方","愛知県の県庁所在地はどこですか。","名古屋市","豊田市","岡崎市","豊橋市","仙台市","横浜市","意味確認済み","形式・重複・唯一正解確認済み","適合"
"first-200","小4前期","8","東北地方","宮城県の県庁所在地はどこですか。","仙台市","石巻市","気仙沼市","大崎市","横浜市","札幌市","意味確認済み","形式・重複・唯一正解確認済み","適合"
"first-201","小4前期","9","日本","気温と降水量を月ごとに表したグラフを何といいますか。","雨温図","季節風","年較差","日較差","秋雨前線","梅雨前線","意味確認済み","形式・重複・唯一正解確認済み","適合"
"first-202","小4前期","9","日本","日本の気候に大きな影響を与える季節によって向きが変わる風を何といいますか。","季節風","年較差","日較差","偏西風","海風","陸風","意味確認済み","形式・重複・唯一正解確認済み","誤答5個再構成"
"first-203","小4前期","9","日本","日本付近に暖かい空気と冷たい空気の境目としてできるものを何といいますか。","前線","台風","梅雨","気団","季節風","低気圧","意味確認済み","形式・重複・唯一正解確認済み","誤答5個再構成"
"first-204","小4前期","9","日本","初夏に長く雨が続く時期を何といいますか。","梅雨","前線","台風","季節風","秋雨","春雨","意味確認済み","形式・重複・唯一正解確認済み","誤答5個再構成"
"first-205","小4前期","9","日本","夏から秋に日本へ近づき大雨や強風をもたらすものを何といいますか。","台風","前線","梅雨","季節風","低気圧","寒波","意味確認済み","形式・重複・唯一正解確認済み","誤答5個再構成"
"first-206","小4前期","9","日本","冬に日本海側で雪が多く降る主な原因となる風は何ですか。","北西の季節風","南東の季節風","偏西風","海風","越後山脈","赤石山脈","意味確認済み","形式・重複・唯一正解確認済み","適合"
"first-207","小4前期","9","瀬戸内地方","瀬戸内地方の降水量の特徴として正しいものはどれですか。","一年を通して少ない","一年を通して非常に多い","冬だけ非常に多い","毎月まったく同じ","夏だけ非常に多い","全国で最も多い","意味確認済み","形式・重複・唯一正解確認済み","誤答5個再構成"
"first-208","小4前期","9","中央高地","中央高地の気候は一年の気温差が大きいことが特徴です。この差を何といいますか。","年較差","季節風","日較差","雨温図","秋雨前線","梅雨前線","意味確認済み","形式・重複・唯一正解確認済み","適合"
"first-209","小4前期","9","太平洋側","太平洋側の冬の天気として一般的なものはどれですか。","晴天の日が多い","雪の日が一年中続く","梅雨が長く続く","台風が毎週来る","くもりの日だけになる","大雪の日が多い","意味確認済み","形式・重複・唯一正解確認済み","誤答5個再構成"
"first-210","小4前期","9","北海道","北海道の梅雨について正しい説明はどれですか。","梅雨の影響を受けにくい","梅雨が日本で最も長い","一年中梅雨である","沖縄と同じ時期に必ず梅雨入りする","本州より影響が大きい","毎年必ず長雨になる","意味確認済み","形式・重複・唯一正解確認済み","誤答5個再構成"
"first-211","小4前期","9","日本","気候とはある地域の長い期間にわたる気温や降水量などの何ですか。","平均的な状態","一日の変化","その日の天気","一時的な現象","年較差","雨温図","意味確認済み","形式・重複・唯一正解確認済み","適合"
"first-212","小4前期","9","日本","日本の大部分が属する気候帯は何ですか。","温帯","熱帯","寒帯","乾燥帯","冷帯","亜寒帯","意味確認済み","形式・重複・唯一正解確認済み","誤答5個再構成"
"first-213","小4前期","9","日本","日本で一般に最も気温が高くなるのは何月ごろですか。","8月ごろ","1月ごろ","4月ごろ","11月ごろ","5月ごろ","10月ごろ","意味確認済み","形式・重複・唯一正解確認済み","適合"
"first-214","小4前期","9","日本","日本で一般に最も気温が低くなるのは何月ごろですか。","1月ごろ","8月ごろ","5月ごろ","10月ごろ","11月ごろ","4月ごろ","意味確認済み","形式・重複・唯一正解確認済み","適合"
"first-215","小4前期","9","日本","降水量とは雨と雪の量を何に換算したものですか。","水の深さ","水の重さ","雨の日数","雲の厚さ","雪の重さ","水滴の個数","意味確認済み","形式・重複・唯一正解確認済み","誤答5個再構成"
"first-216","小4前期","9","日本","梅雨の時期に日本付近に停滞する前線を何といいますか。","梅雨前線","秋雨前線","寒冷前線","温暖前線","停滞前線","閉塞前線","意味確認済み","形式・重複・唯一正解確認済み","誤答5個再構成"
"first-217","小4前期","9","日本","秋に日本付近に停滞し長雨をもたらす前線を何といいますか。","秋雨前線","梅雨前線","寒冷前線","温暖前線","停滞前線","閉塞前線","意味確認済み","形式・重複・唯一正解確認済み","誤答5個再構成"
"first-218","小4前期","9","太平洋側","夏の太平洋側に暖かく湿った風をもたらす気団は何ですか。","小笠原気団","揚子江気団","シベリア気団","オホーツク海気団","赤道気団","南極気団","意味確認済み","形式・重複・唯一正解確認済み","適合"
"first-219","小4前期","9","日本","冬に日本へ冷たく乾いた季節風をもたらす気団は何ですか。","シベリア気団","小笠原気団","揚子江気団","オホーツク海気団","赤道気団","南極気団","意味確認済み","形式・重複・唯一正解確認済み","適合"
"first-220","小4前期","9","日本海側","冬の季節風が日本海を渡る間に起きることは何ですか。","水蒸気を多く含む","水蒸気をすべて失う","気温が急に40度上がる","風向きが必ず南風になる","乾燥する","雪をすべて失う","意味確認済み","形式・重複・唯一正解確認済み","誤答5個再構成"
"first-221","小4前期","9","太平洋側","日本海側で冬に雪を降らせた季節風は山地を越えると乾燥します。このため太平洋側ではどのような天気が多くなりますか。","晴天","大雪","長雨","濃霧","くもり","雨","意味確認済み","形式・重複・唯一正解確認済み","誤答5個再構成"
"first-222","小4前期","9","南西諸島","南西諸島の気温の特徴として正しいものはどれですか。","一年を通して高い","一年を通して氷点下である","夏でも北海道より低い","毎月まったく同じである","冬だけ非常に低い","本州より必ず低い","意味確認済み","形式・重複・唯一正解確認済み","誤答5個再構成"
"first-223","小4前期","9","日本海側","日本海側の冬の降水量について正しいものはどれですか。","多い","少ない","0になる","全国で同じになる","大きい","小さい","意味確認済み","形式・重複・唯一正解確認済み","適合"
"first-224","小4前期","9","太平洋側","太平洋側の気候は夏と冬のどちらに降水量が多いですか。","夏","冬","春","秋","ほぼ同じ","どちらともいえない","意味確認済み","形式・重複・唯一正解確認済み","適合"
"first-225","小4前期","9","北海道","北海道と台風の関係について正しい説明はどれですか。","他地域より影響を受けにくい","日本で最も多く上陸する","一年中台風が発生する","台風の影響を必ず受けない","沖縄より影響を受けやすい","本州と必ず同じ影響を受ける","意味確認済み","形式・重複・唯一正解確認済み","誤答5個再構成"
"first-226","小4前期","9","日本","雨温図で、一般に棒グラフで表されるものは何ですか。","降水量","気温","風向","日照時間","湿度","気圧","意味確認済み","形式・重複・唯一正解確認済み","誤答5個再構成"
"first-227","小4前期","9","日本","一年の中で最も暖かい月と最も寒い月の平均気温の差を何といいますか。","気温の年較差","気温の日較差","年降水量","平均気温","季節風","年較差","意味確認済み","形式・重複・唯一正解確認済み","適合"
"first-228","小4前期","9","日本","台風が主に発生する場所はどこですか。","日本の南の暖かい海上","北海道の内陸","日本海側の山地","冬のシベリア大陸","日本の北の冷たい海上","本州中央の山地","意味確認済み","形式・重複・唯一正解確認済み","誤答5個再構成"
"first-229","小4前期","10","沖縄県","沖縄県が位置する日本の南西に連なる島々を何といいますか。","南西諸島","五島列島","伊豆諸島","小笠原諸島","千島列島","日本列島","意味確認済み","形式・重複・唯一正解確認済み","誤答5個再構成"
"first-230","小4前期","10","沖縄県","沖縄県の県庁所在地はどこですか。","那覇市","仙台市","新潟市","札幌市","横浜市","松山市","意味確認済み","形式・重複・唯一正解確認済み","適合"
"first-231","小4前期","10","沖縄県","沖縄で台風の強風から家を守るため家の周囲に設ける石の囲いを何といいますか。","石垣","防風林","防潮堤","生け垣","土塀","ブロック塀","意味確認済み","形式・重複・唯一正解確認済み","誤答5個再構成"
"first-232","小4前期","10","沖縄県","沖縄の住宅で強い日差しをさえぎるために設ける長いひさしを何といいますか。","雨端","縁側","天窓","煙突","赤瓦","防風林","意味確認済み","形式・重複・唯一正解確認済み","適合"
"first-233","小4前期","10","沖縄県","沖縄で多く栽培され砂糖の原料になる作物は何ですか。","さとうきび","さくらんぼ","じゃがいも","てんさい","りんご","もも","意味確認済み","形式・重複・唯一正解確認済み","適合"
"first-234","小4前期","10","沖縄県","沖縄で栽培される代表的な熱帯果物を1つ答えなさい。","パイナップル","さくらんぼ","キウイフルーツ","日本なし","みかん","ぶどう","意味確認済み","形式・重複・唯一正解確認済み","適合"
"first-235","小4前期","10","沖縄県","沖縄の海岸に広がるサンゴがつくった地形を何といいますか。","サンゴ礁","砂丘","干潟","リアス海岸","三角州","扇状地","意味確認済み","形式・重複・唯一正解確認済み","適合"
"first-236","小4前期","10","沖縄県","沖縄でかつて栄え首里城を中心とした国を何といいますか。","琉球王国","江戸幕府","大和朝廷","鎌倉幕府","沖縄王国","薩摩王国","意味確認済み","形式・重複・唯一正解確認済み","適合"
"first-237","小4前期","10","沖縄県","沖縄の代表的な染め物を何といいますか。","紅型","友禅染","藍染め","西陣織","大島紬","黄八丈","意味確認済み","形式・重複・唯一正解確認済み","誤答5個再構成"
"first-238","小4前期","10","沖縄県","沖縄は冬でも比較的暖かいため何産業が盛んですか。","観光業","林業","酪農","鉄鋼業","畑作","漁業","意味確認済み","形式・重複・唯一正解確認済み","適合"
"first-239","小4前期","10","沖縄県","沖縄県は大小およそいくつの島からなりますか。","160余り","約40","約80","約300","約120","約200","意味確認済み","形式・重複・唯一正解確認済み","誤答5個再構成"
"first-240","小4前期","10","沖縄県","沖縄県の位置について正しい説明はどれですか。","日本の都道府県で最も南にある","日本の都道府県で最も北にある","本州の中央にある","日本海側だけにある","四国の南にある","北海道の東にある","意味確認済み","形式・重複・唯一正解確認済み","誤答5個再構成"
"first-241","小4前期","10","沖縄県","沖縄県と東京の年平均気温を比べた説明として正しいものはどれですか。","沖縄県の方が高い","東京の方が高い","まったく同じ","年によらず両方0度である","北海道の方が低い","年較差","意味確認済み","形式・重複・唯一正解確認済み","適合"
"first-242","小4前期","10","沖縄県","沖縄県で初夏に雨が多く降る時期を何といいますか。","梅雨","秋雨","真冬","台風シーズン","春雨","乾季","意味確認済み","形式・重複・唯一正解確認済み","誤答5個再構成"
"first-243","小4前期","10","沖縄県","沖縄県は冬でも霜がほとんど降りないため一年中何ができますか。","農作物の栽培","流氷観光","雪下ろし","てんさいの越冬栽培","農作物の収穫","花の栽培","意味確認済み","形式・重複・唯一正解確認済み","誤答5個再構成"
"first-244","小4前期","10","沖縄県","沖縄の伝統的な住宅で屋根に使われる瓦を何といいますか。","赤瓦","石州瓦","黒瓦","スレート瓦","いぶし瓦","釉薬瓦","意味確認済み","形式・重複・唯一正解確認済み","誤答5個再構成"
"first-245","小4前期","10","沖縄県","沖縄の屋根の上に置かれ魔よけとされる像を何といいますか。","シーサー","狛犬","なまはげ","しゃちほこ","こま犬","鬼瓦","意味確認済み","形式・重複・唯一正解確認済み","誤答5個再構成"
"first-246","小4前期","10","沖縄県","沖縄の住宅で台風に備えて屋根瓦を何で固めますか。","しっくい","セメント","粘土","木材","モルタル","接着剤","意味確認済み","形式・重複・唯一正解確認済み","誤答5個再構成"
"first-247","小4前期","10","沖縄県","沖縄の家で窓を大きくして風通しをよくするのは、主に何のためですか。","暑さをやわらげるため","寒さを防ぐため","雪の重みに耐えるため","火山灰を防ぐため","湿気を逃がすため","室内を明るくするため","意味確認済み","形式・重複・唯一正解確認済み","誤答5個再構成"
"first-248","小4前期","10","沖縄県","沖縄で菊などを本土より早い時期に出荷する栽培を何といいますか。","促成栽培","果樹栽培","露地栽培","マルチ栽培","抑制栽培","水耕栽培","意味確認済み","形式・重複・唯一正解確認済み","適合"
"first-249","小4前期","10","沖縄県","沖縄の畑で作物を強風から守るため植えられる林を何といいますか。","防風林","防潮林","人工林","水源林","保安林","防砂林","意味確認済み","形式・重複・唯一正解確認済み","適合"
"first-250","小4前期","10","沖縄県","沖縄で水不足に備えて農業用水をたくわえる施設を何といいますか。","ダム","用水路","取水口","排水機場","揚水機場","浄水場","意味確認済み","形式・重複・唯一正解確認済み","誤答5個再構成"
"first-251","小4前期","10","沖縄県","沖縄の海に広がるサンゴ礁は観光資源であると同時に何のすみかですか。","多くの海の生き物","高山植物","砂漠の動物","寒帯の動物","海藻や魚","小さな甲殻類","意味確認済み","形式・重複・唯一正解確認済み","誤答5個再構成"
"first-252","小4前期","10","沖縄県","沖縄のサンゴ礁を守るために必要な取り組みはどれですか。","赤土の流出を防ぐ","赤土を海へ流す","サンゴをすべて取り除く","海岸の植物をすべて切る","生活排水をそのまま流す","サンゴを踏みつける","意味確認済み","形式・重複・唯一正解確認済み","誤答5個再構成"
"first-253","小4前期","10","沖縄県","沖縄の伝統的な楽器で三本の弦を持つものは何ですか。","三線","三味線","琴","尺八","胡弓","太鼓","意味確認済み","形式・重複・唯一正解確認済み","適合"
"first-254","小4前期","10","沖縄県","沖縄で第二次世界大戦の地上戦を伝える史跡や資料館を訪れる観光を何といいますか。","平和学習","農業体験","雪国体験","工場見学","自然観察学習","伝統文化学習","意味確認済み","形式・重複・唯一正解確認済み","誤答5個再構成"
"first-255","小4前期","11","北海道","日本の都道府県で最も北にあるのはどこですか。","北海道","青森県","岩手県","秋田県","長野県","新潟県","意味確認済み","形式・重複・唯一正解確認済み","誤答5個再構成"
"first-256","小4前期","11","北海道","北海道の道庁所在地はどこですか。","札幌市","仙台市","新潟市","横浜市","松山市","高松市","意味確認済み","形式・重複・唯一正解確認済み","適合"
"first-257","小4前期","11","北海道","北海道の住宅で寒さを防ぐため窓を二重にする工夫を何といいますか。","二重窓","天窓","出窓","雨戸","一重窓","内窓","意味確認済み","形式・重複・唯一正解確認済み","誤答5個再構成"
"first-258","小4前期","11","北海道","北海道の住宅で雪が落ちにくいようにした平らな屋根を何といいますか。","無落雪屋根","急勾配屋根","かやぶき屋根","赤瓦屋根","陸屋根","切妻屋根","意味確認済み","形式・重複・唯一正解確認済み","誤答5個再構成"
"first-259","小4前期","11","北海道","北海道東部に夏の冷害をもたらす冷たく湿った北東風を何といいますか。","やませ","季節風","海風","陸風","偏西風","フェーン","意味確認済み","形式・重複・唯一正解確認済み","誤答5個再構成"
"first-260","小4前期","11","北海道","北海道で広い土地を利用して乳牛を飼う農業を何といいますか。","酪農","畑作","稲作","果樹栽培","近郊農業","施設園芸","意味確認済み","形式・重複・唯一正解確認済み","誤答5個再構成"
"first-261","小4前期","11","北海道","北海道で広い農地に小麦・じゃがいも・てんさいなどを作る農業を何といいますか。","畑作","酪農","稲作","促成栽培","輪作","二毛作","意味確認済み","形式・重複・唯一正解確認済み","適合"
"first-262","小4前期","11","北海道","同じ土地で毎年作る作物を変える方法を何といいますか。","輪作","連作","二毛作","促成栽培","稲作","畑作","意味確認済み","形式・重複・唯一正解確認済み","適合"
"first-263","小4前期","11","北海道","北海道東部に夏に発生しやすい濃い霧を何といいますか。","海霧","放射霧","蒸気霧","滑昇霧","前線霧","盆地霧","意味確認済み","形式・重複・唯一正解確認済み","誤答5個再構成"
"first-264","小4前期","11","北海道","北海道の農家一戸あたりの農地面積について正しいものはどれですか。","本州より広い","本州より狭い","本州と必ず同じ","農地を持たない","全国平均より狭い","都市部と同じ","意味確認済み","形式・重複・唯一正解確認済み","誤答5個再構成"
"first-265","小4前期","11","北海道","北海道は日本の国土面積のおよそ何分の1を占めますか。","約5分の1","約10分の1","約3分の1","約2分の1","約4分の1","約6分の1","意味確認済み","形式・重複・唯一正解確認済み","誤答5個再構成"
"first-266","小4前期","11","北海道","北海道が受ける梅雨の影響について正しいものはどれですか。","本州より小さい","本州より大きい","本州と必ず同じ","一年中続く","沖縄より大きい","毎年長期間続く","意味確認済み","形式・重複・唯一正解確認済み","誤答5個再構成"
"first-267","小4前期","11","北海道","北海道と東京の冬の平均気温を比べた説明として正しいものはどれですか。","北海道の方が低い","東京の方が低い","必ず同じ","どちらも毎日0度である","北海道の方が高い","季節によって必ず逆になる","意味確認済み","形式・重複・唯一正解確認済み","誤答5個再構成"
"first-268","小4前期","11","北海道","北海道東部で夏に海霧が続くと、農作物にどのような被害が起こりやすくなりますか。","日照不足や低温による冷害","高温による干ばつ","台風による塩害","大雪による雪害","長雨による水害","強風による倒伏被害","意味確認済み","形式・重複・唯一正解確認済み","誤答5個再構成"
"first-269","小4前期","11","北海道","北海道の住宅の玄関を二重にする主な目的は何ですか。","冷たい空気が室内に入るのを防ぐため","雪を室内に取り込むため","日差しを強くするため","風通しをよくするため","室内の熱を逃がさないため","保温するため","意味確認済み","形式・重複・唯一正解確認済み","適合"
"first-270","小4前期","11","北海道","北海道の住宅で窓を二重にする主な目的は何ですか。","室内の熱を逃がさないため","雪を窓から入れるため","風を強く通すため","日光を完全に遮るため","外の熱を室内へ入れるため","窓を凍らせるため","意味確認済み","形式・重複・唯一正解確認済み","誤答5個再構成"
"first-271","小4前期","11","北海道","北海道で水道管が地中深くに埋められるのはなぜですか。","凍結を防ぐため","水温を高くするため","工事を簡単にするため","雪どけ水を集めるため","水道管を見つけやすくするため","水圧を高めるため","意味確認済み","形式・重複・唯一正解確認済み","誤答5個再構成"
"first-272","小4前期","11","北海道","北海道の道路脇に設置され吹雪のとき道路の位置を示す矢印を何といいますか。","視線誘導標","道路境界標","信号機","道路標識","消雪パイプ","温風式消雪施設","意味確認済み","形式・重複・唯一正解確認済み","適合"
"first-273","小4前期","11","北海道","道路上の雪を風で飛ばし視界を悪くする現象を何といいますか。","地吹雪","雪崩","吹雪","降霜","消雪パイプ","温風式消雪施設","意味確認済み","形式・重複・唯一正解確認済み","適合"
"first-274","小4前期","11","北海道","北海道で道路への雪の吹き込みを防ぐ柵を何といいますか。","防雪柵","雪崩防止柵","防風林","ガードレール","ロードヒーティング","消雪パイプ","意味確認済み","形式・重複・唯一正解確認済み","適合"
"first-275","小4前期","11","北海道","北海道の畑作でてんさいは何の原料になりますか。","砂糖","でんぷん","食用油","小麦粉","みそ","しょうゆ","意味確認済み","形式・重複・唯一正解確認済み","誤答5個再構成"
"first-276","小4前期","11","北海道","北海道で生産されるじゃがいもの利用法として正しいものはどれですか。","でんぷんの原料にする","砂糖の原料だけにする","木材の代わりにする","鉄の原料にする","綿糸の原料にする","ガラスの原料にする","意味確認済み","形式・重複・唯一正解確認済み","誤答5個再構成"
"first-277","小4前期","11","北海道","北海道で乳牛からしぼった生乳を加工して作る製品を1つ答えなさい。","バター","みそ","しょうゆ","豆腐","チーズ","ヨーグルト","意味確認済み","形式・重複・唯一正解確認済み","誤答5個再構成"
"first-278","小4前期","11","北海道","輪作を行う主な目的は何ですか。","同じ作物を続けて作ることによる土地の力の低下を防ぐため","一年中同じ作物だけを作るため","農地を住宅地に変えるため","収穫を毎年一回減らすため","土の養分を一種類だけ使うため","病害虫を増やすため","意味確認済み","形式・重複・唯一正解確認済み","誤答5個再構成"
"first-279","小4前期","11","北海道","北海道の農業の特徴として正しいものはどれですか。","広い農地で大型機械を使う","狭い屋内だけで行う","大型機械をまったく使わない","すべて手作業だけで行う","小さな農地だけを使う","農業用機械を使わない","意味確認済み","形式・重複・唯一正解確認済み","誤答5個再構成"
"first-280","小4前期","11","北海道","北海道の根釧台地で盛んな農業は何ですか。","酪農","畑作","稲作","果樹栽培","促成栽培","りんご","意味確認済み","形式・重複・唯一正解確認済み","適合"
"first-281","小4前期","11","北海道","十勝平野で盛んな代表的な農業は何ですか。","畑作","酪農","稲作","近郊農業","二毛作","輪作","意味確認済み","形式・重複・唯一正解確認済み","適合"
"first-282","小4前期","11","北海道","北海道の先住民族を何といいますか。","アイヌ民族","大和民族","琉球民族","マオリ民族","イヌイット","サーミ民族","意味確認済み","形式・重複・唯一正解確認済み","誤答5個再構成"
"first-283","小4前期","12","日本海側","日本海側に大雪をもたらす冬の季節風は、主にどこから吹いてきますか。","シベリア大陸","太平洋の南","オーストラリア大陸","赤道付近","日本列島の東","沖縄の南","意味確認済み","形式・重複・唯一正解確認済み","誤答5個再構成"
"first-284","小4前期","12","新潟県","新潟県の県庁所在地はどこですか。","新潟市","仙台市","札幌市","横浜市","松山市","高松市","意味確認済み","形式・重複・唯一正解確認済み","適合"
"first-285","小4前期","12","雪国","道路に水をまいて雪をとかす設備を何といいますか。","消雪パイプ","ロードヒーティング","温風式消雪施設","流雪溝","除雪車","融雪装置","意味確認済み","形式・重複・唯一正解確認済み","適合"
"first-286","小4前期","12","雪国","道路の下に熱を通して雪をとかす仕組みを何といいますか。","ロードヒーティング","温風式消雪施設","消雪パイプ","雪崩防止柵","流雪溝","除雪車","意味確認済み","形式・重複・唯一正解確認済み","適合"
"first-287","小4前期","12","雪国","道路脇から温かい空気を出して雪をとかす設備を何といいますか。","温風式消雪施設","消雪パイプ","雪崩防止柵","ロードヒーティング","除雪施設","融雪施設","意味確認済み","形式・重複・唯一正解確認済み","適合"
"first-288","小4前期","12","雪国","道路の雪を除くために使われる大型車両を何といいますか。","除雪車","散水車","消防車","清掃車","消雪パイプ","温風式消雪施設","意味確認済み","形式・重複・唯一正解確認済み","適合"
"first-289","小4前期","12","雪国","屋根の雪を自然に落としやすくするため屋根の傾きを急にする工夫を何といいますか。","急勾配の屋根","無落雪屋根","陸屋根","赤瓦屋根","消雪パイプ","ロードヒーティング","意味確認済み","形式・重複・唯一正解確認済み","適合"
"first-290","小4前期","12","雪国","雪の重みで家がつぶれないよう屋根の雪を取り除く作業を何といいますか。","雪下ろし","除雪","排雪","雪囲い","消雪パイプ","ロードヒーティング","意味確認済み","形式・重複・唯一正解確認済み","適合"
"first-291","小4前期","12","雪国","雪を利用して野菜などを低温で保存する施設を何といいますか。","雪室","冷蔵倉庫","氷室","地下貯蔵庫","低温倉庫","保冷庫","意味確認済み","形式・重複・唯一正解確認済み","適合"
"first-292","小4前期","12","新潟県","日本海側で冬に雪が多くなるのは季節風がどの山地にぶつかるためですか。","越後山脈","奥羽山脈","木曽山脈","赤石山脈","飛騨山脈","日高山脈","意味確認済み","形式・重複・唯一正解確認済み","適合"
"first-293","小4前期","12","日本海側","日本海側の山地で冬に大雪が降る地域を何といいますか。","豪雪地帯","多雪地帯","乾燥地帯","台風常襲地帯","少雪地帯","温暖地帯","意味確認済み","形式・重複・唯一正解確認済み","誤答5個再構成"
"first-294","小4前期","12","新潟県","新潟県などの山間部では積雪が何mを超えることがありますか。","3m","0.3m","1m","10m","20m","5m","意味確認済み","形式・重複・唯一正解確認済み","適合"
"first-295","小4前期","12","雪国","雪が降り積もった量を何といいますか。","積雪量","降水量","降雪量","積雪日数","降雪日数","最深積雪","意味確認済み","形式・重複・唯一正解確認済み","誤答5個再構成"
"first-296","小4前期","12","雪国","雪国の住宅で1階部分を高く造る主な理由は何ですか。","積雪で出入り口がふさがれるのを防ぐため","屋根から雪を落としやすくするため","地下水をくみ上げるため","冷気を室内に入れるため","冬でも水温が比較的高く雪をとかせるから","同じ国や島で日付が分かれないようにするため","意味確認済み","形式・重複・唯一正解確認済み","適合"
"first-297","小4前期","12","雪国","雪国で道路の端に設けられた水路を何といいますか。","流雪溝","用水路","排水路","側溝","消雪パイプ","ロードヒーティング","意味確認済み","形式・重複・唯一正解確認済み","適合"
"first-298","小4前期","12","雪国","流雪溝は何を流して雪を運びますか。","水","空気","砂","油","お湯","雪","意味確認済み","形式・重複・唯一正解確認済み","誤答5個再構成"
"first-299","小4前期","12","雪国","雪国で道路の位置を示すため道路上に設ける赤白の矢印を何といいますか。","道路境界標","視線誘導標","信号機","道路案内標識","消雪パイプ","ロードヒーティング","意味確認済み","形式・重複・唯一正解確認済み","適合"
"first-300","小4前期","12","新潟県","雪国で歩行者が雪を避けて歩ける屋根付きの通路を何といいますか。","雁木","アーケード","地下道","歩道橋","ロードヒーティング","消雪パイプ","意味確認済み","形式・重複・唯一正解確認済み","適合"
"first-301","小4前期","12","雪国","ロータリー除雪車の働きとして正しいものはどれですか。","雪を道路脇へ吹き飛ばす","道路に雪を積み上げる","地下水を飲み水にする","屋根の雪だけをとかす","雪を道路中央へ集める","道路に水をまく","意味確認済み","形式・重複・唯一正解確認済み","誤答5個再構成"
"first-302","小4前期","12","雪国","雪崩の発生を防ぐため斜面に設置する施設を何といいますか。","雪崩防止柵","防雪柵","砂防ダム","防潮堤","落石防止柵","雪崩予防柵","意味確認済み","形式・重複・唯一正解確認済み","誤答5個再構成"
"first-303","小4前期","12","雪国","雪国で雪を冷熱源として農産物を保存する仕組みを何といいますか。","雪中貯蔵","冷蔵保存","常温保存","乾燥保存","冷凍保存","氷温保存","意味確認済み","形式・重複・唯一正解確認済み","誤答5個再構成"
"first-304","小4前期","12","雪国","雪室の特徴として正しいものはどれですか。","少ない電力で低温を保てる","室温を高温に保つ","雪を使わず冷やす","農産物を乾燥させるだけである","大量の電力で加熱する","一年中高温にする","意味確認済み","形式・重複・唯一正解確認済み","誤答5個再構成"
"first-305","小4前期","12","新潟県","新潟県の豪雪地帯で雪どけ水は何に利用されますか。","農業用水","工業用水","生活用水","水力発電","消雪用水","上水道","意味確認済み","形式・重複・唯一正解確認済み","誤答5個再構成"
"first-306","小4前期","12","雪国","雪国で冬の交通を守るため道路の雪を取り除く作業を何といいますか。","除雪","排雪","雪下ろし","融雪","消雪パイプ","温風式消雪施設","意味確認済み","形式・重複・唯一正解確認済み","適合"
"first-307","小4前期","12","雪国","雪国で屋根に雪が積もりにくくするため屋根を急にすることを何といいますか。","急勾配屋根","無落雪屋根","陸屋根","赤瓦屋根","消雪パイプ","ロードヒーティング","意味確認済み","形式・重複・唯一正解確認済み","適合"
"first-308","小4前期","12","日本海側","北西の季節風は日本海を渡る間に何を多く含みますか。","水蒸気","砂ぼこり","火山灰","乾いた土","冷たい空気","黄砂","意味確認済み","形式・重複・唯一正解確認済み","誤答5個再構成"
"first-309","小4前期","12","日本海側","日本海から来た季節風が山地にぶつかって上昇すると何を降らせますか。","雪","火山灰","黄砂","ひょうだけ","雨だけ","霧だけ","意味確認済み","形式・重複・唯一正解確認済み","誤答5個再構成"
"first-310","小4前期","12","雪国","雪国で雪を生かした取り組みはどれですか。","スキーなどの観光に利用する","雪をすべて海へ捨てる","冬は観光を全面的にやめる","雪を農地に入れないようにする","雪室で農産物を保存する","雪まつりを開く","意味確認済み","形式・重複・唯一正解確認済み","誤答5個再構成"
"first-311","小4前期","13","日本","川が山地から平地へ出た所に土砂がたまってできる扇形の地形を何といいますか。","扇状地","三角州","盆地","輪中","後背湿地","地形図","意味確認済み","形式・重複・唯一正解確認済み","適合"
"first-312","小4前期","13","日本","川の下流に土砂がたまってできる三角形の地形を何といいますか。","三角州","扇状地","盆地","輪中","地形図","後背湿地","意味確認済み","形式・重複・唯一正解確認済み","適合"
"first-313","小4前期","13","日本","川の流れに沿って土砂がたまり周囲より高くなった地形を何といいますか。","自然堤防","後背湿地","三角州","扇状地","盆地","輪中","意味確認済み","形式・重複・唯一正解確認済み","適合"
"first-314","小4前期","13","日本","自然堤防の背後に広がる水はけの悪い低地を何といいますか。","後背湿地","自然堤防","三角州","扇状地","排水機場","輪中","意味確認済み","形式・重複・唯一正解確認済み","適合"
"first-315","小4前期","13","日本","土地が川や海の水面より低い地域を何といいますか。","海抜ゼロメートル地帯","後背湿地","自然堤防","三角州","海岸低地","干拓地","意味確認済み","形式・重複・唯一正解確認済み","誤答5個再構成"
"first-316","小4前期","13","濃尾平野","川に囲まれ堤防で守られた低い土地を何といいますか。","輪中","盆地","高原","三角州","扇状地","後背湿地","意味確認済み","形式・重複・唯一正解確認済み","誤答5個再構成"
"first-317","小4前期","13","濃尾平野","輪中の集落で洪水時の避難や食料保存のために建てた高い建物を何といいますか。","水屋","母屋","高床倉庫","蔵","避難小屋","水防倉庫","意味確認済み","形式・重複・唯一正解確認済み","誤答5個再構成"
"first-318","小4前期","13","濃尾平野","輪中で水害から集落や田畑を守るため周囲に築いたものは何ですか。","堤防","排水機場","水屋","水門","防潮堤","防風林","意味確認済み","形式・重複・唯一正解確認済み","適合"
"first-319","小4前期","13","低地","低地の水を川へくみ出す施設を何といいますか。","排水機場","浄水場","発電所","取水口","ポンプ場","揚水機場","意味確認済み","形式・重複・唯一正解確認済み","誤答5個再構成"
"first-320","小4前期","13","濃尾平野","濃尾平野を流れる代表的な3つの川をまとめて何といいますか。","木曽三川","利根川・荒川・多摩川","北上川・阿武隈川・最上川","信濃川・阿賀野川・関川","淀川・大和川・紀の川","吉野川・四万十川・仁淀川","意味確認済み","形式・重複・唯一正解確認済み","適合"
"first-321","小4前期","13","日本","川が山地から平地へ出ると流れはどうなりますか。","遅くなる","速くなる","完全に止まる","必ず逆流する","一定になる","非常に速くなる","意味確認済み","形式・重複・唯一正解確認済み","誤答5個再構成"
"first-322","小4前期","13","日本","川の流れが遅くなると運ばれてきた土砂はどうなりますか。","積もりやすくなる","運ばれやすくなる","すべて水に溶ける","空へ舞い上がる","流れに逆らって上る","消えてなくなる","意味確認済み","形式・重複・唯一正解確認済み","誤答5個再構成"
"first-323","小4前期","13","日本","扇状地の中央部の水はけについて正しいものはどれですか。","水はけがよい","水はけが悪い","一年中水没する","海水が満ち引きする","地下水がまったくない","土が常に凍る","意味確認済み","形式・重複・唯一正解確認済み","誤答5個再構成"
"first-324","小4前期","13","日本","扇状地の端で地下水が地表へわき出る場所を何といいますか。","湧水帯","伏流水帯","後背湿地","自然堤防","地下水帯","湧水地","意味確認済み","形式・重複・唯一正解確認済み","誤答5個再構成"
"first-325","小4前期","13","日本","扇状地では水はけのよさを利用して何の栽培が盛んですか。","果樹栽培","稲作","酪農","施設園芸","促成栽培","高原野菜栽培","意味確認済み","形式・重複・唯一正解確認済み","適合"
"first-326","小4前期","13","日本","三角州は川の上流と河口のどちらにできますか。","河口","上流","山頂","分水界","ほぼ同じ","どちらともいえない","意味確認済み","形式・重複・唯一正解確認済み","適合"
"first-327","小4前期","13","日本","三角州の水はけについて正しいものはどれですか。","水はけが悪い","水はけがよい","一年中乾燥している","海水だけが流れる","地下水がまったくない","土が常に凍る","意味確認済み","形式・重複・唯一正解確認済み","誤答5個再構成"
"first-328","小4前期","13","日本","自然堤防の上には周囲より高く水害を受けにくいため何が発達しましたか。","集落","牧場","漁港","工場","住宅地","商店街","意味確認済み","形式・重複・唯一正解確認済み","誤答5個再構成"
"first-329","小4前期","13","日本","後背湿地は水田と畑のどちらに利用されることが多いですか。","水田","果樹園","牧場","茶畑","ほぼ同じ","どちらともいえない","意味確認済み","形式・重複・唯一正解確認済み","適合"
"first-330","小4前期","13","低地","海抜ゼロメートル地帯の災害リスクについて正しいものはどれですか。","洪水や高潮の危険が高い","洪水の危険がない","津波だけを完全に防げる","標高が高いため水害がない","高潮の危険がない","排水設備が不要である","意味確認済み","形式・重複・唯一正解確認済み","誤答5個再構成"
"first-331","小4前期","13","濃尾平野","輪中が多く見られる平野を何といいますか。","濃尾平野","関東平野","石狩平野","筑紫平野","八代平野","宮崎平野","意味確認済み","形式・重複・唯一正解確認済み","適合"
"first-332","小4前期","13","濃尾平野","木曽三川を構成する川を1つ答えなさい。","木曽川","信濃川","利根川","吉野川","揖斐川","長良川","意味確認済み","形式・重複・唯一正解確認済み","適合"
"first-333","小4前期","13","濃尾平野","木曽三川のうち最も西側を流れる川を何といいますか。","揖斐川","木曽川","長良川","信濃川","吉野川","利根川","意味確認済み","形式・重複・唯一正解確認済み","適合"
"first-334","小4前期","13","低地","低地で洪水を防ぐため川の流れを分けたり直線化したりする工事を何といいますか。","河川改修","土地改良","区画整理","干拓","治山工事","砂防工事","意味確認済み","形式・重複・唯一正解確認済み","誤答5個再構成"
"first-335","小4前期","13","低地","低地の堤防が切れて水が流れ込む災害を何といいますか。","洪水","高潮","津波","土石流","内水氾濫","地すべり","意味確認済み","形式・重複・唯一正解確認済み","誤答5個再構成"
"first-336","小4前期","13","低地","排水機場では低地にたまった水をポンプでどこへ出しますか。","川","山地","道路","住宅地","海","用水路","意味確認済み","形式・重複・唯一正解確認済み","誤答5個再構成"
"first-337","小4前期","13","日本","ハザードマップは災害の危険が予想される場所や何を示しますか。","避難場所","県庁所在地","農産物の産地","鉄道路線だけ","避難経路","災害の種類","意味確認済み","形式・重複・唯一正解確認済み","誤答5個再構成"
"first-338","小4前期","13","低地","低地で土地をかさ上げする主な目的は何ですか。","水害を防ぐため","地下水を増やすため","川の流れを速くするため","農地を低くするため","日当たりをよくするため","風通しをよくするため","意味確認済み","形式・重複・唯一正解確認済み","誤答5個再構成"
"first-339","小4前期","14","日本","日本列島の東側にある深さ200mくらいまでの浅い海底を何といいますか。","大陸棚","陸繋島","潮目","砂丘","黒潮","親潮","意味確認済み","形式・重複・唯一正解確認済み","適合"
"first-340","小4前期","14","日本","海岸線の出入りが複雑で湾や岬が多い海岸を何といいますか。","リアス海岸","岩石海岸","砂浜海岸","サンゴ礁海岸","隆起海岸","沈水海岸","意味確認済み","形式・重複・唯一正解確認済み","適合"
"first-341","小4前期","14","日本","リアス海岸は波がおだやかな入り江が多いため何に適していますか。","養殖業","沖合漁業","遠洋漁業","沿岸漁業","海水浴","海上輸送","意味確認済み","形式・重複・唯一正解確認済み","誤答5個再構成"
"first-342","小4前期","14","三陸海岸","三陸海岸で盛んな、長い葉を持つ海藻の養殖は何ですか。","わかめの養殖","かきの養殖","ほたての養殖","うなぎの養殖","のりの養殖","真珠の養殖","意味確認済み","形式・重複・唯一正解確認済み","適合"
"first-343","小4前期","14","千葉県","九十九里浜の砂浜は、主に何が堆積してできましたか。","砂","火山灰","溶岩","氷河","小石","貝殻","意味確認済み","形式・重複・唯一正解確認済み","誤答5個再構成"
"first-344","小4前期","14","千葉県","九十九里浜の海岸線の長さはおよそ何kmですか。","約66km","約20km","約100km","約200km","約3500km","1km","意味確認済み","形式・重複・唯一正解確認済み","適合"
"first-345","小4前期","14","日本","離れた2つの島や半島を砂州がつないでできる地形を何といいますか。","陸繋島","大陸棚","潮目","砂丘","砂州","潟湖","意味確認済み","形式・重複・唯一正解確認済み","誤答5個再構成"
"first-346","小4前期","14","日本","海水浴場や観光地として利用されやすい海岸は岩石海岸と砂浜海岸のどちらですか。","砂浜海岸","岩石海岸","リアス海岸","隆起海岸","ほぼ同じ","どちらともいえない","意味確認済み","形式・重複・唯一正解確認済み","適合"
"first-347","小4前期","14","三陸海岸","リアス海岸の湾口に設け津波の被害を減らす施設を何といいますか。","防波堤","輪中堤","防潮堤","霞堤","堤防","スーパー堤防","意味確認済み","形式・重複・唯一正解確認済み","適合"
"first-348","小4前期","14","千葉県","九十九里浜がある都道府県はどこですか。","千葉県","京都府","兵庫県","北海道","長野県","奈良県","意味確認済み","形式・重複・唯一正解確認済み","適合"
"first-349","小4前期","14","日本","日本の海岸線の長さは約何kmですか。","約3万5000km","約3500km","約1万km","約10万km","約66km","1km","意味確認済み","形式・重複・唯一正解確認済み","適合"
"first-350","小4前期","14","日本","日本の海岸線が長い主な理由は何ですか。","島が多く海岸線の出入りが複雑だから","国土が一つの大陸だけでできているから","海岸がすべて直線だから","川がまったくないから","島が一つしかないから","湾や岬が少ないから","意味確認済み","形式・重複・唯一正解確認済み","誤答5個再構成"
"first-351","小4前期","14","日本","砂浜海岸の海岸線には、どのような形が多く見られますか。","比較的直線的な形","細かな湾と岬が連続する形","切り立った崖だけの形","島が砂州でつながる形だけ","入り江が非常に多い形","複雑に入り組んだ形","意味確認済み","形式・重複・唯一正解確認済み","誤答5個再構成"
"first-352","小4前期","14","日本","岩が海にせり出し崖が続く海岸を何といいますか。","岩石海岸","砂浜海岸","沈水海岸","離水海岸","リアス海岸","隆起海岸","意味確認済み","形式・重複・唯一正解確認済み","適合"
"first-353","小4前期","14","日本","大陸棚は一般に水深約何mまでの浅い海底ですか。","約200m","約50m","約500m","約2000m","10m","500m","意味確認済み","形式・重複・唯一正解確認済み","適合"
"first-354","小4前期","14","日本","暖流と寒流がぶつかる海域を何といいますか。","潮目","砂丘","大陸棚","陸繋島","海溝","大洋底","意味確認済み","形式・重複・唯一正解確認済み","誤答5個再構成"
"first-355","小4前期","14","日本","潮目では魚が集まりやすいため何が盛んですか。","漁業","林業","畑作","酪農","遠洋漁業","沖合漁業","意味確認済み","形式・重複・唯一正解確認済み","適合"
"first-356","小4前期","14","日本","日本の太平洋側を北上する暖流を何といいますか。","黒潮","親潮","対馬海流","リマン海流","日本海流","千島海流","意味確認済み","形式・重複・唯一正解確認済み","誤答5個再構成"
"first-357","小4前期","14","日本","日本の北東海域を南下する寒流を何といいますか。","親潮","黒潮","対馬海流","リマン海流","日本海流","千島海流","意味確認済み","形式・重複・唯一正解確認済み","誤答5個再構成"
"first-358","小4前期","14","三陸海岸","三陸海岸は何県から何県にかけて続きますか。","青森県から宮城県","秋田県から山形県","千葉県から神奈川県","鳥取県から島根県","長崎県","佐賀県","意味確認済み","形式・重複・唯一正解確認済み","適合"
"first-359","小4前期","14","三陸海岸","リアス海岸の入り江は波が穏やかなため何を設置しやすいですか。","いかだ","大型タンカー","海上空港","風力発電所","養殖ロープ","定置網","意味確認済み","形式・重複・唯一正解確認済み","誤答5個再構成"
"first-360","小4前期","14","三陸海岸","三陸海岸でかきやほたてを人工的に育てて収穫する漁業を何といいますか。","養殖漁業","沿岸漁業","沖合漁業","遠洋漁業","栽培漁業","巻き網漁業","意味確認済み","形式・重複・唯一正解確認済み","適合"
"first-361","小4前期","14","日本","砂浜海岸で風に運ばれた砂が積もってできる丘を何といいますか。","砂丘","潮目","大陸棚","陸繋島","三角州","砂州","意味確認済み","形式・重複・唯一正解確認済み","誤答5個再構成"
"first-362","小4前期","14","鳥取県","鳥取砂丘がある都道府県はどこですか。","鳥取県","京都府","兵庫県","北海道","千葉県","長野県","意味確認済み","形式・重複・唯一正解確認済み","適合"
"first-363","小4前期","14","日本","海岸の砂が風で内陸へ飛ぶのを防ぐため植える林を何といいますか。","防砂林","防風林","防潮林","保安林","人工林","水源林","意味確認済み","形式・重複・唯一正解確認済み","適合"
"first-364","小4前期","14","千葉県","九十九里浜は千葉県のどちら側の海岸にありますか。","太平洋側","日本海側","瀬戸内海側","東シナ海側","南西","南東","意味確認済み","形式・重複・唯一正解確認済み","適合"
"first-365","小4前期","14","千葉県","九十九里浜で盛んな海水浴やサーフィンは海岸の何を利用していますか。","砂浜と波","海食崖と岩場","干潟と潮だまり","サンゴ礁とマングローブ","砂丘と防砂林","湾と岬","意味確認済み","形式・重複・唯一正解確認済み","誤答5個再構成"
"first-366","小4前期","14","日本","津波から集落を守るため海岸に築く高い壁を何といいますか。","防潮堤","防波堤","輪中堤","霞堤","スーパー堤防","堤防","意味確認済み","形式・重複・唯一正解確認済み","適合"
"first-367","小4前期","15","日本","周囲を山地に囲まれ中央部が低く平らな地形を何といいますか。","盆地","輪中","高原","三角州","山形盆地","松本盆地","意味確認済み","形式・重複・唯一正解確認済み","適合"
"first-368","小4前期","15","日本","盆地は一日の気温差が大きくなりやすいです。この差を何といいますか。","日較差","季節風","年較差","雨温図","秋雨前線","梅雨前線","意味確認済み","形式・重複・唯一正解確認済み","適合"
"first-369","小4前期","15","日本","盆地で夏の昼に気温が高くなりやすい主な理由は何ですか。","周囲の山地から暖められた風が吹き下ろすため","海風が一日中吹き込むため","標高が高く雪が残るため","冷たい海流が流れ込むため","暖かい空気が外へ逃げやすいため","山が日光を完全に遮るため","意味確認済み","形式・重複・唯一正解確認済み","誤答5個再構成"
"first-370","小4前期","15","日本","盆地の斜面で果樹栽培が盛んな理由の1つは何ですか。","水はけがよいから","水が一年中たまるから","海水が流れ込むから","日光がほとんど当たらないから","斜面が常に凍っているから","強い潮風が吹くから","意味確認済み","形式・重複・唯一正解確認済み","誤答5個再構成"
"first-371","小4前期","15","日本","扇状地で果樹栽培が盛んな理由の1つは何ですか。","日当たりがよいから","一年中水没しているから","海風が強いから","土が常に凍っているから","日光が当たらないから","水がたまりやすいから","意味確認済み","形式・重複・唯一正解確認済み","誤答5個再構成"
"first-372","小4前期","15","山梨県","山梨県の甲府盆地で特に生産が盛んな、房に実る果物は何ですか。","ぶどう","りんご","なし","かき","もも","みかん","意味確認済み","形式・重複・唯一正解確認済み","適合"
"first-373","小4前期","15","山形県","山形盆地で生産が盛んな果物は何ですか。","さくらんぼ","ぶどう","みかん","パイナップル","りんご","もも","意味確認済み","形式・重複・唯一正解確認済み","適合"
"first-374","小4前期","15","長野県","長野盆地で生産が盛んな、赤く丸い代表的な果物は何ですか。","りんご","ぶどう","もも","みかん","さくらんぼ","かき","意味確認済み","形式・重複・唯一正解確認済み","適合"
"first-375","小4前期","15","日本","果樹の枝をせん定する主な目的は何ですか。","日当たりをよくするため","実を雨から守るため","花粉を人工的につけるため","収穫した実を大きさで分けるため","実の数を減らすため","害虫から実を守るため","意味確認済み","形式・重複・唯一正解確認済み","誤答5個再構成"
"first-376","小4前期","15","日本","果物を出荷する時期をずらすため温室などで早く育てる栽培を何といいますか。","促成栽培","抑制栽培","露地栽培","水耕栽培","マルチ栽培","果樹栽培","意味確認済み","形式・重複・唯一正解確認済み","適合"
"first-377","小4前期","15","日本","盆地の周囲にある高い地形は何ですか。","山地","海岸","平野","砂丘","台地","丘陵","意味確認済み","形式・重複・唯一正解確認済み","誤答5個再構成"
"first-378","小4前期","15","日本","盆地が受ける海の影響について正しいものはどれですか。","海から遠く影響を受けにくい","海に囲まれ影響を強く受ける","潮の満ち引きで気温が決まる","海流だけで降水量が決まる","海風が一日中吹く","海水温だけで気候が決まる","意味確認済み","形式・重複・唯一正解確認済み","誤答5個再構成"
"first-379","小4前期","15","日本","盆地では夏と冬の気温差が大きいです。この差を何といいますか。","年較差","季節風","日較差","雨温図","秋雨前線","梅雨前線","意味確認済み","形式・重複・唯一正解確認済み","適合"
"first-380","小4前期","15","日本","盆地の大きな昼夜の気温差は、果物の栽培にどのように役立ちますか。","果物が甘くなりやすい","果物が必ず凍る","実が育たなくなる","日当たりがなくなる","実の色が必ず白くなる","水分がすべてなくなる","意味確認済み","形式・重複・唯一正解確認済み","誤答5個再構成"
"first-381","小4前期","15","日本","盆地では風が弱いと暖かい空気が上に冷たい空気が下にたまることがあります。この現象を何といいますか。","逆転層","フェーン現象","海霧","放射冷却","ヒートアイランド","季節風","意味確認済み","形式・重複・唯一正解確認済み","誤答5個再構成"
"first-382","小4前期","15","日本","盆地の冬の朝に霧が発生しやすい理由として正しいものはどれですか。","冷たい空気が低い所にたまりやすいから","海から強い風が吹き続けるから","一年中気温が同じだから","周囲に山がないから","暖かい空気が低い所にたまるから","海水温が高いから","意味確認済み","形式・重複・唯一正解確認済み","誤答5個再構成"
"first-383","小4前期","15","山梨県","甲府盆地がある都道府県はどこですか。","山梨県","長野県","山形県","奈良県","兵庫県","千葉県","意味確認済み","形式・重複・唯一正解確認済み","適合"
"first-384","小4前期","15","山梨県","甲府盆地でぶどうとともに栽培が盛んな果物は何ですか。","もも","りんご","さくらんぼ","みかん","ぶどう","かき","意味確認済み","形式・重複・唯一正解確認済み","適合"
"first-385","小4前期","15","山形県","山形盆地がある都道府県はどこですか。","山形県","山梨県","長野県","福島県","兵庫県","奈良県","意味確認済み","形式・重複・唯一正解確認済み","適合"
"first-386","小4前期","15","長野県","長野盆地がある都道府県はどこですか。","長野県","山梨県","群馬県","岐阜県","兵庫県","奈良県","意味確認済み","形式・重複・唯一正解確認済み","適合"
"first-387","小4前期","15","奈良県","奈良盆地がある都道府県はどこですか。","奈良県","京都府","大阪府","滋賀県","兵庫県","長野県","意味確認済み","形式・重複・唯一正解確認済み","適合"
"first-388","小4前期","15","京都府","京都盆地がある都道府県はどこですか。","京都府","奈良県","大阪府","滋賀県","大阪府と京都府","鳥取県","意味確認済み","形式・重複・唯一正解確認済み","適合"
"first-389","小4前期","15","日本","果樹園で実の数を減らし一つ一つを大きく育てる作業を何といいますか。","摘果","選果","せん定","袋かけ","人工授粉","間引き","意味確認済み","形式・重複・唯一正解確認済み","誤答5個再構成"
"first-390","小4前期","15","日本","果物の実を雨や虫から守るため袋をかける作業を何といいますか。","袋かけ","せん定","摘果","選果","人工授粉","間引き","意味確認済み","形式・重複・唯一正解確認済み","誤答5個再構成"
"first-391","小4前期","15","日本","果樹の受粉を助けるため人の手で花粉をつける作業を何といいますか。","人工授粉","間引き","せん定","袋かけ","摘果","選果","意味確認済み","形式・重複・唯一正解確認済み","誤答5個再構成"
"first-392","小4前期","15","日本","果樹農家が品質をそろえるため収穫した果物を大きさや色で分ける作業を何といいますか。","選果","摘果","せん定","袋かけ","人工授粉","収穫","意味確認済み","形式・重複・唯一正解確認済み","誤答5個再構成"
"first-393","小4前期","15","日本","果物を共同で選別し箱詰めする施設を何といいますか。","選果場","集荷場","市場","共同選果施設","出荷場","農産物倉庫","意味確認済み","形式・重複・唯一正解確認済み","適合"
"first-394","小4前期","15","日本","果物を冷蔵保存して出荷時期を調整する目的は何ですか。","価格を安定させるため","果物をすぐ廃棄するため","収穫量を減らすため","実を小さくするため","一年中同じ日に出荷するため","品質を下げるため","意味確認済み","形式・重複・唯一正解確認済み","誤答5個再構成"
"first-395","小4前期","16","日本","標高が高く平らな土地を何といいますか。","高原","盆地","輪中","三角州","台地","丘陵","意味確認済み","形式・重複・唯一正解確認済み","誤答5個再構成"
"first-396","小4前期","16","日本","日本の高原で夏でも涼しい気候を利用して作られる野菜を何といいますか。","高原野菜","近郊野菜","促成野菜","熱帯作物","夏秋野菜","京野菜","意味確認済み","形式・重複・唯一正解確認済み","誤答5個再構成"
"first-397","小4前期","16","長野県","長野県の高原で多く作られる代表的な高原野菜を1つ答えなさい。","レタス","キャベツ","れんこん","きゅうり","だいこん","じゃがいも","意味確認済み","形式・重複・唯一正解確認済み","適合"
"first-398","小4前期","16","日本","夏の涼しい気候を利用して野菜の出荷時期を遅らせる栽培を何といいますか。","抑制栽培","促成栽培","露地栽培","マルチ栽培","果樹栽培","水耕栽培","意味確認済み","形式・重複・唯一正解確認済み","適合"
"first-399","小4前期","16","日本","野菜を育てる苗をビニールで覆い寒さから守る設備を何といいますか。","ビニールハウス","ビニールトンネル","ガラス温室","育苗ハウス","防霜ファン","保温シート","意味確認済み","形式・重複・唯一正解確認済み","適合"
"first-400","小4前期","16","日本","高原野菜は都市へ新鮮なまま届けるため主にどの時間帯に収穫されますか。","早朝","正午","夕方","深夜","午後","午前","意味確認済み","形式・重複・唯一正解確認済み","適合"
"first-401","小4前期","16","日本","高原で夏に観光客を集める代表的な施設を1つ答えなさい。","キャンプ場","スキー場","海水浴場","水族館","牧場","自然体験施設","意味確認済み","形式・重複・唯一正解確認済み","誤答5個再構成"
"first-402","小4前期","16","日本","冬の高原で雪を利用して観光客を集める施設を何といいますか。","スキー場","キャンプ場","スケート場","スノーパーク","温泉施設","リゾートホテル","意味確認済み","形式・重複・唯一正解確認済み","適合"
"first-403","小4前期","16","日本","農家が共同で農産物を集め選別して出荷する施設を何といいますか。","集荷場","選果場","市場","農業試験場","共同出荷場","農産物直売所","意味確認済み","形式・重複・唯一正解確認済み","適合"
"first-404","小4前期","16","日本","標高が100m高くなると気温は約何度下がりますか。","約0.6度","約1.5度","約1度","約2度","約0.3度","約3度","意味確認済み","形式・重複・唯一正解確認済み","誤答5個再構成"
"first-405","小4前期","16","日本","高地では標高が高くなるほど気温は高くなりますか低くなりますか。","低くなる","高くなる","変わらない","必ず0度になる","季節によって逆になる","標高に関係しない","意味確認済み","形式・重複・唯一正解確認済み","誤答5個再構成"
"first-406","小4前期","16","長野県","長野県の八ヶ岳周辺に広がる高原を何といいますか。","野辺山原","那須高原","清里高原","美ヶ原高原","志賀高原","軽井沢高原","意味確認済み","形式・重複・唯一正解確認済み","適合"
"first-407","小4前期","16","長野県","野辺山原の標高はおよそ何mですか。","約1300m","約300m","約800m","約2500m","500m","10m","意味確認済み","形式・重複・唯一正解確認済み","適合"
"first-408","小4前期","16","日本","高原の昼夜の気温差について正しいものはどれですか。","大きい","小さい","まったくない","一年中必ず同じ","季節によって必ず0になる","平地より必ず小さい","意味確認済み","形式・重複・唯一正解確認済み","誤答5個再構成"
"first-409","小4前期","16","日本","夏でも涼しい高原で野菜を育てる利点は何ですか。","害虫がつきにくい","必ず害虫が増える","野菜が育たなくなる","水をまったく必要としない","出荷できなくなる","日光が当たらなくなる","意味確認済み","形式・重複・唯一正解確認済み","誤答5個再構成"
"first-410","小4前期","16","日本","高原野菜の出荷が多い季節はいつですか。","夏","冬","春","秋","初夏","真冬","意味確認済み","形式・重複・唯一正解確認済み","適合"
"first-411","小4前期","16","日本","高原野菜が比較的高い価格で売れやすい理由は何ですか。","平地の野菜が少ない時期に出荷できるから","収穫後すぐ廃棄するから","冬だけ収穫するから","市場へ運ばないから","平地と同じ時期だけ出荷するから","都市から遠く運べないから","意味確認済み","形式・重複・唯一正解確認済み","誤答5個再構成"
"first-412","小4前期","16","日本","高原でキャベツやレタスを育てるため畑をビニールで覆う栽培方法を何といいますか。","マルチ栽培","促成栽培","抑制栽培","水耕栽培","果樹栽培","露地栽培","意味確認済み","形式・重複・唯一正解確認済み","適合"
"first-413","小4前期","16","日本","マルチ栽培で土をビニールで覆う主な目的は何ですか。","地温を保ち雑草を防ぐため","土を完全に乾燥させるため","日光をすべて遮るため","収穫をできなくするため","土を凍らせるため","雨水をすべて防ぐため","意味確認済み","形式・重複・唯一正解確認済み","誤答5個再構成"
"first-414","小4前期","16","日本","高原野菜を夜明け前から収穫する主な理由は何ですか。","新鮮なまま都市へ届けるため","日中の暑さでしおれさせるため","収穫後すぐ畑へ戻すため","市場への到着を遅らせるため","野菜を温めるため","収穫量を減らすため","意味確認済み","形式・重複・唯一正解確認済み","誤答5個再構成"
"first-415","小4前期","16","日本","高原野菜を集荷場で大きさや品質ごとに分ける作業を何といいますか。","選別","摘果","せん定","人工授粉","選果","間引き","意味確認済み","形式・重複・唯一正解確認済み","誤答5個再構成"
"first-416","小4前期","16","日本","農家が共同で野菜を販売する組織を何といいますか。","農業協同組合","漁業協同組合","森林組合","商工会議所","生活協同組合","農業委員会","意味確認済み","形式・重複・唯一正解確認済み","誤答5個再構成"
"first-417","小4前期","16","日本","農業協同組合をアルファベット2文字で何と表しますか。","JA","JR","JAXA","JAS","JF","JT","意味確認済み","形式・重複・唯一正解確認済み","誤答5個再構成"
"first-418","小4前期","16","日本","高原野菜を都市へ運ぶため主に使われる交通手段は何ですか。","トラック","航空機","鉄道","船","軽トラック","バス","意味確認済み","形式・重複・唯一正解確認済み","誤答5個再構成"
"first-419","小4前期","16","日本","高速道路の整備が高原野菜の出荷に与えた変化は何ですか。","遠くの都市へ短時間で運べるようになった","都市へ運べなくなった","鉄道をすべて廃止した","収穫時期が冬だけになった","輸送時間が長くなった","近くの町にしか運べなくなった","意味確認済み","形式・重複・唯一正解確認済み","誤答5個再構成"
"first-420","小4前期","16","日本","冬の高原で行われる代表的なスポーツを1つ答えなさい。","スキー","サーフィン","水泳","ヨット","スケート","スノーボード","意味確認済み","形式・重複・唯一正解確認済み","誤答5個再構成"
"first-421","小4前期","16","日本","高原で夏に避暑や自然体験を楽しむ産業を何といいますか。","観光業","漁業","鉱業","造船業","林業","製造業","意味確認済み","形式・重複・唯一正解確認済み","誤答5個再構成"
"first-422","小4前期","16","日本","高原野菜の栽培と観光業を組み合わせる利点は何ですか。","地域の収入源を増やせる","農業を完全にやめられる","観光客を減らせる","野菜を出荷しなくてよくなる","収入源を一つにできる","農地をすべて観光施設にできる","意味確認済み","形式・重複・唯一正解確認済み","誤答5個再構成"
"first-423","小4前期","17","沖縄県","沖縄の住宅で強い日差しや台風に備えて使われる主な建築材料は何ですか。","鉄筋コンクリート","木材だけ","かや","雪のブロック","雨端","しっくい","意味確認済み","形式・重複・唯一正解確認済み","適合"
"first-424","小4前期","17","北海道","北海道の住宅で室内の熱を逃がしにくくするため壁に入れる材料を何といいますか。","断熱材","吸音材","防水材","石こう","耐火材","遮音材","意味確認済み","形式・重複・唯一正解確認済み","誤答5個再構成"
"first-425","小4前期","17","雪国","雪国で消雪パイプの水に地下水が使われる主な理由は何ですか。","冬でも水温が比較的高く雪をとかせるから","海水より塩分が多いから","必ず沸騰しているから","道路を凍らせやすいから","冬は必ず0度になるから","雪を増やせるから","意味確認済み","形式・重複・唯一正解確認済み","誤答5個再構成"
"first-426","小4前期","17","低地","輪中の水屋には、洪水に備えて何を保管しましたか。","食料や生活用品","海水浴の道具","大型農業機械だけ","魚をとる網だけ","避難用の舟","燃料や衣類","意味確認済み","形式・重複・唯一正解確認済み","誤答5個再構成"
"first-427","小4前期","17","海辺","リアス海岸の養殖では、いかだやロープを使って何を育てますか。","かきやわかめ","小麦や大豆","乳牛や羊","りんごやぶどう","ほたてやのり","たい・はまち","意味確認済み","形式・重複・唯一正解確認済み","誤答5個再構成"
"first-428","小4前期","17","盆地","盆地や扇状地で盛んな農業は何ですか。","果樹栽培","稲作","酪農","畑作","促成栽培","高原野菜栽培","意味確認済み","形式・重複・唯一正解確認済み","適合"
"first-429","小4前期","17","高原","高原で夏の涼しさを利用して行う野菜栽培を何といいますか。","高原野菜栽培","促成栽培","施設園芸栽培","果樹栽培","抑制栽培","水耕栽培","意味確認済み","形式・重複・唯一正解確認済み","適合"
"first-430","小4前期","17","日本","地域の自然条件に合わせて家や産業を工夫することを何といいますか。","自然環境に適応したくらし","自然条件を無視したくらし","すべての地域で同じくらし","自然をまったく利用しないくらし","自然条件に逆らうくらし","地域差をなくしたくらし","意味確認済み","形式・重複・唯一正解確認済み","誤答5個再構成"
"first-431","小4前期","17","日本","沖縄と北海道では年平均気温が高いのはどちらですか。","沖縄","北海道","どちらも同じ","季節によって必ず逆になる","どちらともいえない","季節によって変わる","意味確認済み","形式・重複・唯一正解確認済み","適合"
"first-432","小4前期","17","日本","日本海側と太平洋側では一般に冬の降雪量が多いのはどちらですか。","日本海側","太平洋側","どちらも同じ","瀬戸内だけ","どちらともいえない","ほぼ同じ","意味確認済み","形式・重複・唯一正解確認済み","適合"
"first-433","小4前期","17","沖縄県","沖縄でさとうきびが栽培されるのはどのような気候を利用しているからですか。","一年中暖かい気候","一年中寒冷な気候","夏でも霜が多い気候","一年中雨が降らない気候","一年中温暖な気候","冷涼な気候","意味確認済み","形式・重複・唯一正解確認済み","適合"
"first-434","小4前期","17","北海道","北海道で酪農が盛んなのは広い土地とどのような気候を利用しているからですか。","冷涼な気候","高温多湿な気候","一年中温暖な気候","乾燥した砂漠気候","一年中寒冷な気候","一年中暖かい気候","意味確認済み","形式・重複・唯一正解確認済み","適合"
"first-435","小4前期","17","日本海側","冬に日本海側で雪、太平洋側で晴天が多くなる違いを生む地形は何ですか。","日本列島の中央部の山地","海岸の砂浜","河口の三角州","平野の水田","海岸沿いの低地","都市の高層建築","意味確認済み","形式・重複・唯一正解確認済み","誤答5個再構成"
"first-436","小4前期","17","雪国","雪国で消雪パイプに利用される水は主に何ですか。","地下水","海水","雨水だけ","工業排水","川の表面水","水道水","意味確認済み","形式・重複・唯一正解確認済み","誤答5個再構成"
"first-437","小4前期","17","低地","低地で排水機場が必要なのは土地が川や海の水面よりどうなっているからですか。","低いから","高いから","同じ高さだから","山頂にあるから","海から遠いから","川より急だから","意味確認済み","形式・重複・唯一正解確認済み","誤答5個再構成"
"first-438","小4前期","17","低地","輪中で集落の周囲に堤防を築いた主な目的は何ですか。","洪水から守るため","海水を田畑へ入れるため","川の流れを止めるため","土地を低くするため","洪水を起こしやすくするため","水を集落へ入れるため","意味確認済み","形式・重複・唯一正解確認済み","誤答5個再構成"
"first-439","小4前期","17","三陸海岸","三陸海岸で養殖が盛んなのは入り江の波がどうなっているからですか。","穏やかだから","非常に荒いから","一年中凍るから","潮の満ち引きがないから","流れが非常に速いから","波が常に高いから","意味確認済み","形式・重複・唯一正解確認済み","誤答5個再構成"
"first-440","小4前期","17","三陸海岸","海岸に沿って築き、津波や高潮が集落へ入るのを防ぐ施設は何ですか。","防潮堤","防波堤","防砂林","防雪柵","防潮林","堤防","意味確認済み","形式・重複・唯一正解確認済み","適合"
"first-441","小4前期","17","盆地","盆地で果物が甘くなりやすいのは昼夜の何が大きいからですか。","気温差","降水量","風速","湿度","日照時間","標高差","意味確認済み","形式・重複・唯一正解確認済み","誤答5個再構成"
"first-442","小4前期","17","高原","高原野菜を夏に出荷できるのは標高が高く気温がどうなっているからですか。","低いから","高いから","変わらないから","必ず氷点下だから","平地より暑いから","一年中同じだから","意味確認済み","形式・重複・唯一正解確認済み","誤答5個再構成"
"first-443","小4前期","17","北海道","北海道の住宅で二重窓を使う目的は何ですか。","保温するため","風通しをよくするため","雪を室内に入れるため","日差しを強くするため","室内の熱を逃がさないため","冷たい空気が室内に入るのを防ぐため","意味確認済み","形式・重複・唯一正解確認済み","適合"
"first-444","小4前期","17","沖縄県","沖縄の住宅で石垣を設ける目的は何ですか。","台風の強風を防ぐため","雪の重みを支えるため","冷気を室内に入れるため","海水をためるため","日差しを強くするため","風通しを悪くするため","意味確認済み","形式・重複・唯一正解確認済み","誤答5個再構成"
"first-445","小4前期","17","雪国","雪国で雁木が造られた目的は何ですか。","雪の日でも歩けるようにするため","雪を屋根に積もらせるため","道路を凍結させるため","家の中へ雪を入れるため","歩道を雪でふさぐため","雪どけ水をためるため","意味確認済み","形式・重複・唯一正解確認済み","誤答5個再構成"
"first-446","小4前期","17","低地","低地の水害危険箇所や避難場所を示す地図を何といいますか。","ハザードマップ","地形図","土地利用図","路線図","平面図","等高線","意味確認済み","形式・重複・唯一正解確認済み","適合"
"first-447","小4前期","17","海辺","海岸に防砂林を植えることで、飛んでくる砂から主に何を守りますか。","住宅や農地","沖合の漁船","山頂の登山道","川の上流","海中の魚","遠くの山林","意味確認済み","形式・重複・唯一正解確認済み","誤答5個再構成"
"first-448","小4前期","17","高原","高原のスキー場は、冬のどの自然条件を観光に生かしていますか。","積雪","高い海水温","サンゴ礁","干潟","強い日差し","台風","意味確認済み","形式・重複・唯一正解確認済み","誤答5個再構成"
"first-449","小4前期","17","日本","地域ごとに気候や地形に合わせた産業が発達するのはなぜですか。","自然条件を生かすため","すべての地域を同じ産業にするため","気候や地形を無視するため","地域の産業をなくすため","自然条件に逆らうため","地域差をなくすため","意味確認済み","形式・重複・唯一正解確認済み","誤答5個再構成"
"first-450","小4前期","17","日本","沖縄と北海道では冬の平均気温が低いのはどちらですか。","北海道","沖縄","どちらも同じ","年によって必ず逆になる","どちらともいえない","季節によって変わる","意味確認済み","形式・重複・唯一正解確認済み","適合"
