10|17|industry-heavy|term|金属・機械・化学などの工業をまとめて何という？|重化学工業|軽工業|農業|林業|水産業|観光業|大きな設備で金属や機械、化学製品などを生産する工業のまとまりです。
10|18|industry-light|term|食料品・せんい・よう業・製紙など、日用品を中心につくる工業のまとまりは？|軽工業|重化学工業|鉱業|農業|運輸業|通信業|教材では、日用品を主につくる工業を軽工業として整理しています。
10|17|steel-inputs|term|鉄鋼業で鉄鉱石とともに使う原料の組み合わせは？|石炭からつくるコークスと石灰石|米と大豆|原油と綿花|木材と牛乳|ウランと茶葉|海水と生糸|鉄鉱石、石炭からつくったコークス、石灰石を使って鉄をつくります。
10|17|metal-processing|term|鉱石から金属を取り出し、板や棒などに加工する工業は？|金属工業|せんい工業|製紙業|食料品工業|通信業|観光業|鉄鋼業やアルミニウム工業は金属工業に含まれます。
10|17|machine-transport|term|機械工業のうち、自動車や船が属する分類は？|輸送用機械|精密機械|食料品|せんい製品|化学肥料|紙製品|人や物を運ぶ自動車や船は輸送用機械です。
10|17|machine-information|term|テレビやパソコンは、機械工業ではどの分類に入る？|情報通信機械|輸送用機械|窯業製品|せんい製品|鉄鉱石|農産物|情報を受け取ったり処理したりする機器として分類されます。
10|17|machine-precision|term|カメラや時計をつくる工業の分類は？|精密機械工業|食料品工業|製紙業|化学工業|鉄鋼業|せんい工業|細かな部品を精密に組み立てる機械工業です。
10|17|auto-parts-network|reason|自動車の組み立て工場の周辺に、部品工場が集まる理由は？|多くの種類の部品を運んで組み立てるから|部品が一つも必要ないから|車は海水だけでつくるから|すべて手紙で運ぶから|道路が全く必要ないから|原料がすべて畑で育つから|自動車は、関連工場でつくられた多くの部品からできています。
10|17|auto-shipment|term|教材で、機械工業の中で最も出荷額が高いとされる製品は？|自動車|時計|カメラ|冷蔵庫|プリンター|ミシン|自動車工業は多くの関連産業を持ち、出荷額も大きい分野です。
10|17|semiconductor-property|term|温度などの条件によって、電気を通したり通さなかったりする性質を持つものは？|半導体|コークス|パルプ|ナフサ|綿花|セメント|半導体は電子機器を動かす部品に使われています。
10|17|ic-name|term|半導体を使い、コンピューターなどの電子部品になるICの日本語名は？|集積回路|送電線|灌漑水路|貿易港|通信衛星|石油精製|小さな半導体上に多くの回路を集めたものです。
10|17|electronics-location|reason|電子部品の工場が空港や高速道路の近くにも立地できる理由は？|製品が小型・軽量で価格が高く、長距離輸送しやすいから|製品が巨大で船でしか運べないから|空港で鉱石が必ず採れるから|道路が原料になるから|運ぶ費用が製品価格より必ず高いから|冷却に海水が絶対必要だから|重量に対して価値が高い電子部品は、飛行機やトラックでも運びやすい製品です。
10|18|chemical-products|term|プラスチック・医薬品・化学肥料などをつくる工業は？|化学工業|製紙業|食料品工業|せんい工業|運輸業|漁業|石油や石炭などを原料に、化学変化を利用して製品をつくります。
10|18|naphtha|term|石油から取り出され、石油化学製品の原料になるものは？|ナフサ|パルプ|ボーキサイト|ウラン|コークス|綿花|ナフサは、原油を精製して得られる石油化学工業の原料です。
10|18|complex-name|term|原料や製品をパイプラインでやり取りする工場群を何という？|コンビナート|メガソーラー|干拓地|扇状地|棚田|放牧地|石油精製工場や化学工場などを結び、原料やエネルギーを効率よく利用します。
10|18|pipeline-benefit|reason|コンビナートで工場同士をパイプラインで結ぶ利点は？|液体や気体の原料を効率よく移せる|原料を使わずに製品ができる|全ての工場を船の上に置ける|製品が必ず無料になる|輸入が法律で禁止される|工業用水が全く不要になる|隣り合う工場の間で、原料や製品を直接送りやすくなります。
10|18|coastal-heavy-location|reason|大きな製鉄所や石油化学工場が港の近くに集まる主な理由は？|大量の原料を船で輸入しやすい|山頂ほど船が入りやすい|海水を鉄鉱石に変えられる|工場では輸送が不要|港では必ず綿花が育つ|道路が全くない方が便利|重い原料を大量に運ぶ船が使える臨海部は、重化学工業に適しています。
10|18|food-inputs|term|食料品工業の原料として適切な組み合わせは？|農産物・畜産物・水産物|鉄鉱石・ウラン・石炭|銅・ボーキサイト・原油|パルプ・金・銀|砂利・石灰石・ガラス|鋼板・半導体・電線|農業や漁業の生産物を加工し、食品をつくります。
10|18|food-largest-light|term|教材で、軽工業の中で最も出荷額が多いとされる工業は？|食料品工業|せんい工業|製紙業|印刷業|窯業|皮革工業|食料品は毎日の生活に必要で、さまざまな加工食品が生産されます。
10|18|retort-reason|reason|レトルト食品や冷凍食品が利用される理由として適切なのは？|保存や調理の手間を減らせる|原料が全く必要ない|加熱すると必ず腐る|輸送できない|食料の自給率が必ず100%になる|すべて収穫直後にしか食べられない|保存性や調理のしやすさを高める加工が行われています。
10|18|textile-products|term|糸・布・衣服をつくる工業は？|せんい工業|金属工業|窯業|製紙業|石油化学工業|造船業|綿などから糸や布をつくり、衣服にも加工します。
10|18|textile-history|term|教材で、第二次世界大戦前まで工業出荷額の割合が最も高かったとされる工業は？|せんい工業|半導体工業|自動車工業|航空機工業|情報通信機械工業|原子力産業|戦前の日本では生糸や綿製品などの生産・輸出が重要でした。
10|18|textile-import-change|reason|衣類の輸入が増えると、日本のせんい工業にはどんな変化が起こりうる？|国内で衣服に加工する仕事が減ることがある|国内の衣服生産が必ず倍になる|綿花を輸入する必要が必ずなくなる|すべての工場が製鉄所になる|衣服の使用量が必ずゼロになる|輸入した服を糸に戻す義務ができる|糸や布だけでなく完成品の安い衣類の輸入が増え、国内生産にも影響します。
10|18|ceramic-products|term|ガラス・セメント・陶磁器をつくる工業は？|窯業|せんい工業|食料品工業|印刷業|造船業|通信業|窯などで高温にしてつくる製品を扱う工業です。
10|18|fine-ceramics|term|電子部品の材料にも使われる、新しい陶磁器製品は？|ファインセラミックス|ナフサ|パルプ|コークス|液化天然ガス|生糸|熱に強い、電気を通しにくいなどの性質を生かした材料です。
10|18|paper-pulp|term|木材のチップなどから繊維を取り出して集めた、紙の原料は？|パルプ|ナフサ|コークス|ウラン|鉄鉱石|原油|紙はパルプや古紙を原料にしてつくられます。
10|18|shipment-structure-read|number|教材の2020年の工業出荷額の割合は、機械45.0%、金属13.1%、化学12.9%。重化学工業の合計は？|71.0%|45.0%|58.1%|26.0%|29.0%|100.0%|45.0＋13.1＋12.9＝71.0%。分類ごとの割合を合計します。
10|18|shipment-dominance-change|term|教材の機械工業の割合は1970年32.3%、2020年45.0%。この資料からいえることは？|機械工業の出荷額の割合が高くなった|機械工業の出荷額が必ず減った|全工業の出荷額が同じだった|金属工業が消滅した|せんい工業が最大になった|機械の生産台数が12.7台増えた|割合が12.7ポイント上がっています。金額や台数の変化は別の資料が必要です。
10|18|paper-pref-read|term|教材の2020年の製紙・パルプ出荷額割合は静岡11.5%、愛媛7.6%、茨城6.9%。この3県で最大なのは？|静岡県|愛媛県|茨城県|北海道|大阪府|青森県|資料に示された11.5、7.6、6.9を比較します。現在の順位を問う問題ではありません。
10|18|ceramic-two-equal|term|教材の2020年の窯業出荷額割合は茨城4.3%、滋賀4.3%、岐阜5.1%。正しい読み取りは？|茨城と滋賀の割合は同じ|岐阜が茨城より小さい|茨城と滋賀で全国の半分|岐阜と滋賀が同じ|3県が全国の全て|茨城が岐阜の2倍|4.3%同士なので割合は等しく、岐阜は5.1%でそれより高い値です。
11|25|industrial-area-definition|term|多くの工場が集まり、工業が発達した地域を何という？|工業地帯・工業地域|酪農地帯|干潟|森林限界|温泉地|穀倉地帯|工場の集積した範囲を工業地帯や工業地域と呼びます。
11|25|industrial-naming-history|term|教材では「工業地帯」と「工業地域」を、主にどの違いで整理している？|工業が発達した時期|山の高さ|海の塩分|人口が必ず100万人かどうか|降水量の単位|河川の長さ|戦前から発達した工業地帯、戦後に発達した工業地域という歴史的な整理です。
11|25|chukyo-extent|term|中京工業地帯は愛知県・三重県と、何県の南部に広がる？|岐阜県|青森県|宮崎県|秋田県|山形県|高知県|愛知・三重と岐阜南部を中心に広がっています。
11|25|chukyo-machine-read|number|教材の2020年の中京は、輸送用機械47.6%、その他の機械20.5%。機械工業全体は？|68.1%|47.6%|20.5%|27.1%|72.9%|100%|部分の47.6%と20.5%を足して68.1%です。
11|25|chukyo-national-share|term|教材の2020年の全国工業生産額で、中京の割合18.0%、阪神10.7%、京浜7.6%。この3地域で最大なのは？|中京工業地帯|阪神工業地帯|京浜工業地帯|北九州工業地帯|京葉工業地域|北陸工業地域|同じ全国合計を分母にした割合を比較します。
11|25|hanshin-small-firms|term|教材が阪神工業地帯の特色として挙げる工場は？|部品や日用品をつくる中小工場が多い|すべて一つの大工場|工場は全て山頂にある|食品を一切つくらない|港が全くない|全工場が原子力発電所|大工場とともに、さまざまな部品や日用品をつくる中小工場が発達しています。
11|25|hanshin-historical-lead|term|教材で、第二次世界大戦前まで日本一だったと説明される工業地帯は？|阪神工業地帯|中京工業地帯|京葉工業地域|鹿島臨海工業地域|関東内陸工業地域|北陸工業地域|「日本一」は時期を確認します。戦前の説明と2020年の統計は区別します。
11|25|keihin-print-reason|reason|東京で印刷業が発達した理由として適切なのは？|政治・経済・文化の中心で情報や出版の需要が多い|東京だけ紙を無料で輸入できる|東京には本を読む人がいない|印刷は必ず海水を使う|全国の森林が東京にだけある|すべての印刷工場が鉱山だから|出版社や情報の発信拠点が集まり、印刷物の需要も多い地域です。
11|25|kitakyushu-extent|term|北九州工業地帯の中心になる都市は？|北九州市|福岡市|長崎市|鹿児島市|那覇市|松江市|福岡県の北九州市を中心に発達しました。
11|25|kitakyushu-new-machinery|term|教材が北九州の機械工業の割合を高めた要因として挙げるのは？|福岡県北部への自動車工場の進出|北海道の紙工場の閉鎖|東京の出版社の増加|全製鉄所の農地化|瀬戸内海の埋め立て禁止|東北の稲作の増加|従来の鉄鋼業に加え、自動車などの機械工業が進出しました。
11|26|inland-move-reason|reason|京浜の工場が内陸へ移る理由として、教材が挙げることは？|京浜で工場用地が不足したこと|原料がすべて内陸だけで採れること|海沿いでは電気が使えないこと|内陸なら輸送が不要なこと|工場が農業だけを行うこと|内陸でしか鉄が使えないこと|土地を確保しやすい内陸で工業団地が整備され、工場が移りました。
11|26|industrial-estate|term|自治体などが工場を呼び込むため、土地や道路などをまとめて整備した場所は？|工業団地|国立公園|漁港|棚田|商店街|干潟|工場をつくりやすい環境を整え、地域の工業を育てます。
11|26|inland-highway-effect|reason|関東内陸で高速道路の整備が工業の発達につながった理由は？|部品や製品をトラックで運びやすくなった|海水を無料で運べるようになった|空港が全てなくなった|原料が不要になった|工場が道路の上で稲作を始めた|製品を運ぶことが禁止された|内陸でも広域の工場や消費地との輸送が便利になりました。
11|26|keiyo-chem-read|term|教材の2020年の京葉は化学40.2%、金属20.6%、機械12.0%。最大の分野は？|化学工業|金属工業|機械工業|せんい工業|印刷業|製紙業|化学工業が40.2%で、示された分野の中で最も大きい割合です。
11|26|keiyo-reclaimed|reason|京葉の大きな工場が東京湾の埋め立て地に立地する利点は？|広い土地と、船で原料を運ぶ港を確保できる|地下から原油が必ず湧く|工業用水が全く要らない|工場を山の上に移せる|原料を使わずに鉄ができる|全ての輸送が徒歩になる|大型の設備用の土地と、原料輸入に便利な臨海の立地を利用しています。
11|26|tokai-extent|term|教材で、東海工業地域が主に広がるのは何県の太平洋沿岸？|静岡県|石川県|福井県|京都府|香川県|山口県|京浜と中京の間の静岡県を中心とする工業地域です。
11|26|tokai-location-benefit|reason|東海工業地域が発達した条件の組み合わせとして適切なのは？|陸上交通・電力・工業用水を利用しやすい|道路・水・電気が全くない|すべての原料を県内だけで産出|港があるので電力が不要|山頂だけに工場が立地|工業団地を一切つくらない|東名高速道路や東海道新幹線、河川の水や水力発電などの条件に恵まれています。
11|26|setouchi-land-history|term|教材で、瀬戸内の工場用地として挙げられる土地の組み合わせは？|埋め立て地・軍用地や塩田の跡地|高山の頂上と氷河|全て自然林のままの土地|砂漠とツンドラ|深海底と火口の中|水田だけを手つかずに残した土地|戦後、臨海部の広い土地を利用して重化学工業が発達しました。
11|26|hokuriku-tradition|term|教材が北陸工業地域の特色として挙げるものは？|伝統工芸品づくりから発展した工業|天然ゴム農園のみ|原油の大規模油田のみ|全工場が漁船|輸入が禁止された工業|砂漠での遊牧だけ|伝統的なものづくりの技術を生かして工業が発展しました。
11|26|hokkaido-food-reason|reason|北海道で食料品工業が発達する理由として適切なのは？|農畜産物や水産物を加工できる|鉄鉱石から食品をつくれる|北海道だけ保存が不要|住民が食べ物を買わない|農業や漁業が全くない|港の使用が禁止されている|地域の農業・酪農・水産業と食品加工が結びついています。
11|25|region-share-v-amount|reason|ある地域の全国に占める工業生産額の割合が下がった。これだけで、その地域の生産額が減ったといえる？|いえない。全国の合計額も確認する|必ず半分に減ったといえる|必ずゼロになったといえる|工場の数も必ず同じ割合で減る|必ず工業がなくなる|必ず人口が減る|割合の分母である全国の合計額が増えれば、地域の金額が増えても割合は下がることがあります。
11|25|region-amount-calculation|number|仮の資料で全国の工業生産額が100兆円、ある地域の割合が18%。その地域の生産額は？|18兆円|82兆円|118兆円|1.8兆円|180兆円|100兆円|100兆円×0.18＝18兆円。割合から実際の金額を求めます。
11|25|region-share-comparison-limit|reason|中京と阪神の「機械工業の割合」だけで、機械工業の出荷額を比較できない理由は？|地域ごとの工業出荷額の合計が異なるから|割合は数ではないから|機械工業は出荷額を持たないから|地名が違うと計算できないから|100%は金額と同じだから|年度は全く関係ないから|各地域の全工業出荷額に割合をかける必要があります。
11|31|sector-primary|term|産業を3つに分けると、農業・林業・水産業はどれに入る？|第一次産業|第二次産業|第三次産業|情報通信産業だけ|金融業だけ|建設業だけ|自然から生産物を得る産業を第一次産業といいます。
11|31|sector-secondary|term|工業や建設業は、産業の3分類のどれに入る？|第二次産業|第一次産業|第三次産業|農業のみ|漁業のみ|林業のみ|材料を加工して物や建物をつくる産業です。
11|31|sector-tertiary|term|商業やサービス業は、産業の3分類のどれに入る？|第三次産業|第一次産業|第二次産業|鉱業のみ|林業のみ|畜産業のみ|物の販売や、さまざまなサービスを提供する産業です。
11|31|employment-structure-read|term|教材の2005年の愛知県の産業別就業者割合は、第一次2.8%、第二次34.4%、第三次61.3%。最も高いのは？|第三次産業|第二次産業|第一次産業|林業だけ|農業だけ|鉱業だけ|工業が盛んな県でも、就業者割合では第三次産業が最も高い例があります。
11|26|industrial-name-current-caution|reason|「工業地帯」「工業地域」の名称を学ぶときに適切な注意は？|歴史的な名称と、資料の年度ごとの順位を区別する|名称だけで常に最新の順位が決まる|工業地域は工場がない土地を意味する|工業地帯の生産額は絶対に変わらない|全地域の産業構成は同じ|どの資料も現在の値である|名称の成り立ちと、出荷額の統計の時期は別々に確認します。
