8|1|forest-cover|割合|教材の2017年の資料では、日本の国土のうち森林が占める割合は約どのくらいですか。|3分の2|6分の1|4分の1|3分の1|2分の1|5分の1|資料の66％は、およそ3分の2に当たります。
8|1|forest-leaf-identify|森林の種類|図のAのように、細長い葉をもつ樹木が多い森林は何ですか。|針葉樹林|広葉樹林|竹林|低木林|マングローブ林|混交林|すぎ・まつ・ひのきなどは針葉樹です。図では葉の形から判断します。
8|1|forest-broad-species|樹木の組|図のBのような幅の広い葉をもつ樹木の組はどれですか。|ぶな・かし・しい|すぎ・まつ・ひのき|すぎ・ひば・まつ|まつ・ひば・ひのき|ひのき・すぎ・からまつ|ひば・まつ・からまつ|ぶな・かし・しいは広葉樹です。残りの組はいずれも針葉樹です。
8|1|forest-plantation-reason|植林の理由|木材生産のためにすぎなどの針葉樹が多く植えられてきた理由はどれですか。|比較的成長が早く、幹がまっすぐ伸びるから|幹が曲がるほど加工しやすいから|一度植えると手入れが一切不要だから|すべての種類が1年で大木になるから|針葉樹だけが雨水を吸収するから|針葉樹には枝が全くないから|針葉樹の成長や幹の特徴が、木材の生産に利用されてきました。
8|1|forest-natural-artificial|森林の区別|人が苗木を植えて育てた森林と、自然に成立した森林の正しい組み合わせはどれですか。|前者が人工林、後者が天然林|前者が天然林、後者が人工林|前者も後者も人工林|前者も後者も天然林|前者が広葉樹林、後者が針葉樹林|前者が針葉樹林、後者が広葉樹林|人工林・天然林は成立の仕方による区別です。葉の形による区別とは異なります。
8|1|forest-aomori-hiba|都道府県名|天然の三大美林の一つである「ひば」の代表的な産地はどの県ですか。|青森県|奈良県|静岡県|三重県|長野県|和歌山県|教材の天然三大美林は、秋田のすぎ・青森のひば・木曽のひのきです。
8|1|forest-kiso-hinoki|都道府県名|天然の三大美林の「木曽のひのき」は、教材ではどの県に示されていますか。|長野県|青森県|秋田県|三重県|奈良県|静岡県|木曽のひのきは長野県に示されています。尾鷲のひのきと区別します。
8|1|forest-yoshino|都道府県名|人工の三大美林の「吉野のすぎ」がある県はどこですか。|奈良県|三重県|静岡県|青森県|秋田県|長野県|吉野のすぎは奈良県の代表的な人工林です。
8|1|forest-tenryu|都道府県名|人工の三大美林の「天竜のすぎ」がある県はどこですか。|静岡県|奈良県|三重県|長野県|秋田県|青森県|天竜のすぎは静岡県にあります。
8|1|forest-owase|都道府県名|人工の三大美林の「尾鷲のひのき」がある県はどこですか。|三重県|長野県|静岡県|青森県|奈良県|秋田県|尾鷲のひのきは三重県にあります。
8|1|forest-three-group|美林の組|教材で、天然の三大美林だけを組み合わせたものはどれですか。|秋田のすぎ・青森のひば・木曽のひのき|吉野のすぎ・天竜のすぎ・尾鷲のひのき|秋田のすぎ・天竜のすぎ・尾鷲のひのき|吉野のすぎ・青森のひば・尾鷲のひのき|吉野のすぎ・天竜のすぎ・木曽のひのき|秋田のすぎ・青森のひば・尾鷲のひのき|天然と人工の分類を、三つの産地をまとめて確認する問題です。
8|6|forest-shirakami|県の組|ぶなの原生林がある白神山地は、どの2県にまたがっていますか。|青森県と秋田県|秋田県と山形県|岩手県と宮城県|群馬県と新潟県|岐阜県と富山県|長野県と静岡県|白神山地は青森県と秋田県にまたがる世界自然遺産です。
8|6|forest-yakushima|島と県|樹齢の長いすぎの原生林で知られる島と、その島が属する県の組み合わせはどれですか。|屋久島―鹿児島県|屋久島―沖縄県|種子島―鹿児島県|種子島―沖縄県|奄美大島―宮崎県|佐渡島―山形県|屋久島は鹿児島県に属し、すぎの原生林などが世界自然遺産に登録されています。
8|1|forest-carbon|気体の組|森林の光合成では、吸収する気体と出す気体の組み合わせはどれですか。|二酸化炭素を吸収し、酸素を出す|酸素を吸収し、二酸化炭素を出す|窒素を吸収し、酸素を出す|酸素を吸収し、窒素を出す|水素を吸収し、窒素を出す|二酸化炭素を吸収し、水素を出す|森林は光合成で二酸化炭素を吸収し、酸素を生み出します。
8|1|forest-windbreak|森林の役割|畑の周りに木を並べ、強い風から農作物を守る森林は何ですか。|防風林|防砂林|魚つき林|薪炭林|採種林|試験林|防風林は風を弱め、作物などを風害から守ります。
8|1|forest-sandbreak|森林の役割|海岸などで飛んでくる砂の害を防ぐ目的の森林は何ですか。|防砂林|防風林|魚つき林|薪炭林|採種林|試験林|防砂林は砂が飛散するのを抑える役割をもっています。
8|1|forest-fish-shelter|森林の役割|海岸の木陰などが魚のすみかを守ることに役立つ森林を何といいますか。|魚つき林|防風林|防砂林|薪炭林|採種林|試験林|魚つき林は魚などの生息環境を保つことに役立ちます。
8|2|forest-planting-scene|林業の作業|図のAで、苗木を地面に植え付けている作業は何ですか。|植林（植栽）|下草がり|枝打ち|間伐|主伐|製材|植林は苗木を植えて森林を育てる作業です。
8|2|forest-weeding-scene|林業の作業|図のBで、幼い木の周りの草を刈っている作業は何ですか。|下草がり|植林（植栽）|枝打ち|間伐|主伐|製材|下草がりは、苗木の成長を妨げる雑草などを取り除きます。
8|8|forest-pruning-scene|林業の作業|図のCで、幹を残しながら余分な枝を切り落としている作業は何ですか。|枝打ち|植林（植栽）|下草がり|間伐|主伐|製材|枝打ちは枝を切り落とす作業です。木を丸ごと間引く間伐と区別します。
8|2|forest-thinning-scene|林業の作業|図のDで、一部の木を切り、残る木の間隔を広げている作業は何ですか。|間伐|植林（植栽）|下草がり|枝打ち|主伐|製材|間伐では本数を調整して、残った木を育てます。
8|5|forest-thinning-purpose|作業の目的|人工林で間伐を行う主な目的はどれですか。|日光が入りやすくなり、残る木を健康に育てる|すべての木をなくして畑にする|苗木の根を土から引き抜く|葉の広さだけを小さくする|育つ木を増やして必ず密集させる|木の樹齢を一律に1年に戻す|密集した木を間引くと、日光などが届きやすくなります。
8|2|forest-final-cut|林業の作業|成長した木を木材として利用するために伐採し、運び出す作業を何といいますか。|主伐|下草がり|枝打ち|植栽|育苗|採種|主伐は、育成した樹木を木材として収穫する作業です。
8|8|forest-work-order|作業の順序|苗木を植えてから木を育てる作業の代表的な順序はどれですか。|植林→下草がり→枝打ち→間伐|植林→間伐→下草がり→枝打ち|間伐→植林→枝打ち→下草がり|枝打ち→下草がり→植林→間伐|下草がり→間伐→植林→枝打ち|間伐→枝打ち→下草がり→植林|まず苗木を植え、若い時期の草取りから、枝の手入れや間伐へ進みます。
8|2|forest-long-cycle|林業の特徴|米の栽培と比べ、木材生産の計画で特に考える必要があることはどれですか。|植林から伐採まで数十年かかることがある|植えたその日に毎回収穫できる|すべての木が毎月植え替えを必要とする|木は収穫後も同じ幹のまま伸び続ける|木材の生産には土地を使わない|木材は天候の影響を全く受けない|教材では、植林から伐採まで50年以上かかる例もあると説明しています。
8|2|forest-thinned-use|資源の利用|間伐で切った木材を有効に使う取り組みはどれですか。|紙や木製品などの原料として利用する|必ずすべて海へ捨てる|切った木を金属の原料に変える|使わずに焼き捨てることだけを義務にする|間伐した土地をすべて舗装する|木材を使うと必ず林業をやめる|間伐材も資源です。製品に利用することが進められています。
8|2|forest-successor|林業の課題|林業で働く人の高齢化が進み、若い人が少ない場合に深刻になる課題はどれですか。|技術を受け継ぐ後継者の不足|木の成長が必ず1年で止まる|すべての人工林が海になる|山地がなくなって平野になる|木材の需要が必ずゼロになる|輸入木材が自動的に国産材になる|後継者が不足すると、手入れや技術の継承が難しくなります。
8|2|forest-green-employment|制度の目的|「緑の雇用」事業は、新しく林業に就く人を主にどのように支えますか。|基本的な技術を学ぶ機会を用意する|すべての木材の輸入を禁止する|山を農地に変えることだけを補助する|就業希望者を必ず都会に移す|木の樹齢を調べることを禁止する|林業の機械をすべて廃止する|新しく林業に就きたい人の技術習得などを支える取り組みです。
8|2|forest-machinery|課題と対策|林業の厳しい作業環境や人手不足への対策として適切なのはどれですか。|高性能機械の導入と作業者の育成|手入れの回数を常にゼロにする|残す木の間隔を必ず狭める|すべての山道を使えなくする|伐採後の植林を全面的にやめる|道具の点検を一切しない|機械の導入や人材育成は、安全性や作業効率を高める助けになります。
8|2|forest-import-pressure|国内産業の課題|森林が多い日本でも、安い輸入木材が増えると国内の林業に生じやすい課題はどれですか。|国産材が価格面で競争しにくくなる|国内の木がすべて即座に枯れる|森林面積がその年に必ずゼロになる|輸入品が必ず国内産と表示される|国産材の輸送が不要になる|山の傾斜がなくなる|輸入材との価格競争は、国内林業の経営に関わります。
8|2|forest-tropical-loss|輸入と環境|熱帯地域から木材を輸入する際に、教材が挙げる環境上の問題はどれですか。|熱帯林の破壊|海水の塩分が必ずゼロになること|すべての火山が噴火すること|北極星が見えなくなること|砂漠が必ず森林になること|地球の自転が止まること|木材利用に伴う熱帯林の破壊が問題となっています。
8|1|forest-artificial-share|割合の計算|教材の2017年の資料で、針葉樹の人工林39％、広葉樹の人工林1％です。両者を合わせた割合は何％ですか。|40％|38％|39％|41％|45％|48％|39＋1＝40％です。同じ森林面積全体を分母とした割合を足します。
8|1|forest-type-compare|資料の比較|教材の2017年の資料で、針葉樹は人工林39％と天然林9％、広葉樹は人工林1％と天然林45％です。両者の合計を比較するとどうなりますか。|針葉樹が2ポイント多い|広葉樹が2ポイント多い|針葉樹が6ポイント多い|広葉樹が6ポイント多い|両者とも40％|両者とも50％|針葉樹48％、広葉樹46％なので、針葉樹が2ポイント多くなります。
8|1|forest-country-gap|割合の比較|教材の2017年の資料で、森林の割合は日本66％、オーストラリア16％です。差は何ポイントですか。|50ポイント|16ポイント|34ポイント|44ポイント|66ポイント|82ポイント|66－16＝50ポイントです。国土面積そのものの大小は、この差からは分かりません。
8|2|forest-workers-change|人数の計算|教材の資料では、林業で働く人は1990年10.8万人、2020年6.4万人です。何万人減りましたか。|4.4万人|3.4万人|5.4万人|6.4万人|10.8万人|17.2万人|10.8－6.4＝4.4万人です。
8|2|forest-workers-monotonic|資料の読み取り|林業就業者は、教材の資料で2000年6.7万人、2010年6.9万人、2020年6.4万人です。この3時点について正しい説明はどれですか。|いったん増え、その後減った|一度も増えず減り続けた|一度も減らず増え続けた|3時点とも同じ人数だった|2010年が最も少なかった|2020年が最も多かった|6.7→6.9→6.4なので、途中に増加した区間もあります。
8|7|forest-stat-denominator|資料の区別|「林家の数」と「林業で働く人の数」を比較する際の注意として正しいものはどれですか。|前者は世帯数、後者は人数であり単位が違う|どちらも森林面積を表す|どちらも木材の輸入量を表す|前者は人数、後者は面積である|どちらも木の本数を表す|単位が違ってもそのまま足せる|林家は一定の山林を保有する世帯です。世帯と人の数を混同しません。
9|9|fish-kuroshio|海流名|日本の太平洋側を北上し、親潮と出合う暖流は何ですか。|黒潮（日本海流）|親潮（千島海流）|リマン海流|対馬海流|北大西洋海流|カリフォルニア海流|黒潮は暖流で、日本の太平洋側を流れます。
9|9|fish-oyashio|海流名|三陸沖で黒潮と出合う寒流は何ですか。|親潮（千島海流）|黒潮（日本海流）|対馬海流|北赤道海流|北大西洋海流|東オーストラリア海流|親潮は北から流れてくる寒流です。
9|9|fish-tidal-boundary|漁場の名称|黒潮と親潮が出合う境目を何といいますか。|潮目（潮境）|海溝|砂州|干拓地|扇状地|三角州|暖流と寒流が出合う境目を潮目といい、よい漁場となります。
9|12|fish-plankton|漁場の理由|三陸沖の潮目がよい漁場になる主な理由はどれですか。|魚のえさとなるプランクトンが多い|どの季節も魚が完全に動かない|海水がすべて真水になる|海底に必ず金鉱がある|漁船が燃料を全く使わない|すべての魚が養殖されたものになる|潮目には魚のえさとなるプランクトンが多く、魚が集まりやすくなります。
9|9|fish-shelf|海底の地形|東シナ海などの、大陸の周辺に広がる比較的浅い海底を何といいますか。|大陸棚|海溝|海嶺|カルデラ|扇状地|盆地|大陸棚は大陸の周辺に続く浅い海底で、よい漁場となる場所があります。
9|11|fish-coastal|漁業の種類|教材で、小型船を使い、岸近くで日帰りで行う漁業は何ですか。|沿岸漁業|沖合漁業|遠洋漁業|栽培漁業|海面養殖業|内水面養殖業|教材では小型船・日帰り・沿岸の海を沿岸漁業の特徴として整理しています。
9|11|fish-offshore|漁業の種類|教材で、中型船を使い、数日かけていわしやさんまなどをとる漁業は何ですか。|沖合漁業|沿岸漁業|遠洋漁業|栽培漁業|海面養殖業|内水面養殖業|沖合漁業は中型船で数日かけて行うものとして説明されています。
9|11|fish-distant|漁業の種類|教材で、大型船を使い、数十日から数か月かけてまぐろなどをとる漁業は何ですか。|遠洋漁業|沿岸漁業|沖合漁業|栽培漁業|海面養殖業|内水面養殖業|遠洋漁業は遠くの海で長期間行われる漁業です。
9|9|fish-oilshock|経営への影響|オイルショックが遠洋漁業の経営を難しくした理由はどれですか。|長期間航行する船の燃料代が上がったから|すべての海が干上がったから|魚が石油をえさにするようになったから|漁船が燃料を一切使わなくなったから|各国の海岸線がなくなったから|漁獲量の単位が円に変わったから|遠洋漁業では遠くの海まで船を動かすため、燃料の価格上昇が経費に大きく影響します。
9|9|fish-eez-restriction|減少の原因|各国が排他的経済水域を設けたことが、日本の遠洋漁業に与えた影響はどれですか。|自由に漁をできる海域が制限された|世界の海がすべて日本の領海になった|海水の温度がすべて同じになった|漁船の燃料費が必ずゼロになった|どの国でも無許可の漁が認められた|魚の種類がすべて同じになった|他国の経済水域では自由に漁業ができるわけではありません。
9|9|fish-nautical-mile|距離の計算|1海里を1852mとすると、12海里は何mですか。|22224m|1852m|12000m|18520m|20000m|370400m|1852×12＝22224mです。海里をkmと取り違えないようにします。
9|14|fish-sea-zone-scenario|海域の比較|基線から70海里の海は、他国との境界を考えない模式例では、12海里の領海と200海里までの経済水域のどちらに当たりますか。|領海の外で、経済水域の範囲内|領海の範囲内|両方の範囲外|日本の領土内|領空だけに当たる|70海里なら必ず公海である|12より遠く200より近いため、領海の外側の経済水域に当たります。
9|10|fish-ranching|漁業の種類|稚魚を育ててから海へ放流し、自然の海で成長したものをとる漁業は何ですか。|栽培漁業|沿岸漁業|沖合漁業|遠洋漁業|内水面養殖業|海面養殖業|栽培漁業は、稚魚を放流して自然の海で育てる段階が特徴です。
9|12|fish-method-compare|工程の比較|養殖に比べ、栽培漁業では放流後のえさ代があまりかからない理由はどれですか。|放流した後は自然の海でえさをとって育つ|毎日いけすで人工のえさを必ず与える|海では魚がえさを食べない|魚を成長させる前に全てとる|放流後も必ず陸上の水槽で育つ|魚はえさではなく石炭で育つ|稚魚を放流した後は自然の海で成長するため、いけすで育て続ける養殖と費用のかかり方が異なります。
9|12|fish-diagram-methods|漁業の組|養殖漁業と栽培漁業の、育て方で共通することはどれですか。|卵や幼い生き物を人が育てる段階がある|最後まで必ずいけすの中で育つ|必ず遠くの公海だけで行う|卵や稚魚の段階は全て放置する|全ての魚を外国から買う|必ず川の水だけで育てる|育てる段階がある点は共通しますが、栽培漁業では稚魚を放流し、自然の海で成長させます。
9|10|fish-aquaculture-risk|生産上の注意|海のいけすで魚を育てる養殖漁業でも、被害を受ける可能性があるものはどれですか。|赤潮や海水の汚れ|山の積雪だけで必ず全滅すること|領海が毎日消えること|魚がすべて植物になること|海水が必ず沸騰すること|いけすでは病気が一切起きないこと|養殖魚も海の環境の影響を受けます。
9|9|fish-red-tide|海の環境|プランクトンが異常に増え、海の色が変わって見える現象は何ですか。|赤潮|津波|高潮|満潮|引き潮|潮目|赤潮はプランクトンの異常増殖に伴う現象です。潮の満ち引きとは異なります。
9|15|fish-catch-rule|資源保護|魚をとってよい時期・量・大きさを制限する主な目的はどれですか。|魚が増える機会を守り、資源の減少を抑える|小さい魚まで必ずとり尽くす|漁船の大きさだけをそろえる|海水の塩分を毎回高くする|魚の名前をすべて変える|海の面積を広げる|成長や繁殖の機会を残すことで、持続的な漁業につなげます。
9|15|fish-habitat|資源保護|稚魚などが育つ環境を守る取り組みはどれですか。|干潟や藻場を保全する|すべての藻場を埋め立てる|河口をすべてコンクリートでふさぐ|稚魚を見つけたら全部とる|海岸のごみをすべて海へ流す|海水の汚れを放置する|干潟や藻場は生き物の生育場所になるため、保全が大切です。
9|15|fish-forest-link|森と海の関係|漁場を豊かにする取り組みとして、山に木を植えて森林を育てる理由はどれですか。|森林の養分が川を通じて海へ運ばれるから|木を植えると海の塩分がなくなるから|植林した木がそのまま魚になるから|森林が海の面積を必ず広げるから|森がすべての漁船の燃料を作るから|植林すると潮の満ち引きが止まるから|森・川・海はつながっており、森林の養分が海の生き物を支えます。
9|15|fish-exotic-release|資源保護の注意|水産資源を増やすための放流で、避けるべき取り組みはどれですか。|地域の生態系への影響を確かめず外国の魚を放す|地域の生育場所を守る|放流する種類や数を管理する|魚の成長を調べる|漁獲量を記録する|専門家と相談して取り組む|無計画な外来種の放流は、地域の生態系に悪い影響を与える恐れがあります。
9|10|fish-workers-aging|水産業の課題|漁業就業者の減少と高齢化が進んだ場合の課題はどれですか。|漁の技術を受け継ぐ人が不足しやすい|魚のえさがすべて不要になる|輸入水産物がなくなる|どの港にも漁船が増え続ける|すべての海域で漁獲量が増える|すべての就業者が若くなる|就業者の減少と高齢化は、後継者確保の問題につながります。
9|10|fish-self-sufficiency|資料の意味|教材では、魚介類の自給率がおよそ60％と説明されています。この意味はどれですか。|国内で使う魚介類の約6割を国内生産でまかなう|漁船の6割が外国製である|日本の海の6割が領海である|国内でとった魚の6割を輸出する|魚の6割が必ず養殖魚である|国内で使う魚介類の全量を輸入する|自給率は消費に対する国内生産の割合です。ここでは教材の概数を使っています。
9|10|fish-salmon-import|国名|教材の2021年の資料で、さけ・ますの輸入額の56.9％を占める国はどこですか。|チリ|ノルウェー|ロシア|カナダ|インド|ベトナム|教材の資料では、チリが56.9％、ノルウェーが25.0％です。
9|10|fish-import-concentration|割合の計算|教材の2021年の資料で、さけ・ますの輸入先はチリ56.9％、ノルウェー25.0％です。2か国の合計は何％ですか。|81.9％|31.9％|56.9％|71.9％|82.9％|91.9％|56.9＋25.0＝81.9％です。同じ輸入額全体に対する割合です。
9|10|fish-saroma|湖名|北海道でほたて貝の養殖地として教材に示されている湖はどこですか。|サロマ湖|琵琶湖|諏訪湖|浜名湖|宍道湖|猪苗代湖|サロマ湖は北海道のオホーツク海に面する湖です。
9|10|fish-goldfish|市名|奈良県で金魚の養殖地として教材に示されている市はどこですか。|大和郡山市|奈良市|橿原市|天理市|生駒市|五條市|大和郡山市は金魚の養殖で知られています。
9|10|fish-nori-share|割合の計算|教材の2019年ののりの収穫量割合は佐賀県25.9％、兵庫県21.1％です。合計は何％ですか。|47.0％|4.8％|37.3％|46.0％|48.0％|57.0％|25.9＋21.1＝47.0％です。
9|10|fish-pearl-gap|割合の比較|教材の2019年の真珠の収穫量割合は愛媛県41.7％、長崎県32.0％です。差は何ポイントですか。|9.7ポイント|7.4ポイント|8.7ポイント|10.7ポイント|18.9ポイント|73.7ポイント|41.7－32.0＝9.7ポイントです。
9|10|fish-scallop-remaining|割合の計算|教材の2019年のほたて貝の収穫量割合は青森県68.1％です。青森県以外の合計は何％ですか。|31.9％|28.3％|30.9％|32.9％|68.1％|96.4％|全体100％から68.1％を引くと31.9％です。
9|13|fish-peak-period|年代|教材の漁業別漁獲量の資料で、沖合漁業の量がピークになったのは主にいつごろですか。|1980年代|1950年代|1960年代|1970年代|2000年代|2020年代|沖合漁業は1980年代にピークとなり、その後大きく減少しています。
9|13|fish-graph-wording|資料の読み取り|長期的に漁獲量が減ったグラフでも、途中に増える年があるとき、適切な表現はどれですか。|全体として減少傾向にある|毎年必ず減り続けた|一度も減ったことがない|全期間の値が同じである|毎年必ず増え続けた|途中の変化は一切読み取れない|全体の傾向と、毎年増減したかどうかは区別して読みます。
9|16|fish-seasonal-base|季節と漁場|教材では、宮崎県などのカツオ漁師が6〜11月に気仙沼を拠点に三陸沖で漁をします。地元を離れて拠点を変える理由はどれですか。|北上するカツオの群れに合わせて漁場へ移るから|カツオはどの季節も宮崎の港から動かないから|気仙沼では山でカツオを育てるから|6月にすべての海が陸地になるから|カツオは川の上流だけにすむから|漁港では魚を水あげできないから|魚の季節的な移動に合わせて、漁をする海や水あげの拠点を変える例です。
9|9|fish-fuel-cost|費用の計算|漁船が同じ1000Lの燃料を使い、1Lの価格が100円から140円になると、燃料費は何円増えますか。|40000円|400円|4000円|10000円|100000円|140000円|1L当たり40円の上昇なので、40×1000＝40000円増えます。この設問の仮定の値です。
9|15|fish-small-fish|資源保護の判断|資源保護のため、小さい魚が網から抜けられるようにする取り組みの理由はどれですか。|成長や繁殖の機会を残すため|すべての魚をすぐ輸出するため|海水を真水にするため|網を必ず重くするため|魚の種類を一つにするため|港をすべて埋め立てるため|小さい魚をとり尽くさず、将来の資源を守ります。
9|15|fish-quantity-not-enough|資料からの判断|漁獲量が増えたという情報だけでは、持続可能な漁業だと断定できない理由はどれですか。|資源量や繁殖への影響も確かめる必要がある|量が増えたら必ず資源が回復している|魚が増えたら海の環境は無関係になる|漁船の色だけで持続性が決まる|漁獲量と資源量は必ず同じ数値である|魚の大きさは一切関係しない|目先の漁獲量だけでなく、資源が保たれるかを考える必要があります。
