12|33|mineral-definition|term|地下に埋蔵され、エネルギーや製品の原料に利用される鉱物・岩石の総称は？|鉱産資源|農産物|水産物|畜産物|森林資源|人的資源|石炭・原油・鉄鉱石など、地下から取り出して利用する資源です。
12|33|coal-black-diamond|term|「黒いダイヤ」とも呼ばれ、産業革命以来の主要な燃料になった資源は？|石炭|天然ガス|石灰石|ボーキサイト|銅鉱|ウラン|石炭は工場の動力や製鉄、発電に使われてきました。
12|33|industrial-revolution|term|18世紀のイギリスで始まり、石炭の利用拡大につながったできごとは？|産業革命|エネルギー革命|明治維新|第一次世界大戦|石油危機|農地改革|蒸気機関や工場での機械生産が広がりました。
12|33|energy-revolution|term|1960年代にエネルギーの中心が石炭から石油へ移った変化を何という？|エネルギー革命|産業革命|通信革命|農地改革|貿易摩擦|地盤沈下|多くの油田の発見などを背景に、石油の利用が拡大しました。
12|33|oil-shock-name|term|1973年などに起きた、石油価格の急上昇や供給の不安を何という？|オイルショック（石油危機）|産業革命|都市鉱山|工業団地|食料自給|地産地消|石油に強く依存する経済や暮らしに大きな影響が出ました。
12|33|coal-climate|reason|石炭の利用を減らそうとする理由として、教材が挙げるのは？|燃焼による二酸化炭素の排出を抑えるため|燃やすと酸素だけができるため|石炭が食料になるため|火力発電に使えないため|全て国内で無料で採れるため|世界中で一切採れないため|二酸化炭素は地球温暖化につながる温室効果ガスです。
12|33|crude-oil|term|地中から掘り出したままで、まだ精製していない油は？|原油|ガソリン|ナフサ|灯油|軽油|パルプ|原油を精製して、さまざまな石油製品を取り出します。
12|33|oil-refining|term|原油からガソリンやナフサなどを取り出す工程は？|精製|植林|間伐|耕地整理|品種改良|養殖|原油は石油精製工場で、性質や用途の違う製品に分けられます。
12|36|tanker|term|原油などの液体を大量に運ぶ船は？|タンカー|フェリー|漁船|帆船|遊覧船|砕氷船|大きなタンクを備え、液体の貨物を運びます。
12|33|gas-comparison|term|石炭や石油と比べ、燃焼時の二酸化炭素が比較的少ない燃料は？|天然ガス|石灰石|鉄鉱石|ボーキサイト|銅鉱|金|天然ガスも化石燃料で、二酸化炭素を全く出さないわけではありません。
12|33|lng-name|term|輸入するとき、低温で液体にした天然ガスを何という？|液化天然ガス（LNG）|液化石炭|原油|ナフサ|コークス|パルプ|天然ガスを冷やして液化すると、船で大量に運びやすくなります。
12|33|lng-temperature|number|教材によると、天然ガスを液化して運ぶときの温度は約何℃？|−162℃|162℃|0℃|100℃|−10℃|600℃|約−162℃に冷やして、液体の状態にします。
12|33|lng-volume-reason|reason|天然ガスを液化して輸送する主な利点は？|体積が約600分の1になり大量に運べる|重さが必ずゼロになる|燃料を使うと無限に増える|二酸化炭素が酸素に変わる|船が不要になる|金属に変わる|液化で小さい容積にまとめられ、専用の船で輸送します。
12|34|bauxite-material|term|アルミニウムの主な原料になる鉱石は？|ボーキサイト|鉄鉱石|石灰石|銅鉱|ウラン|石炭|ボーキサイトからアルミニウムを取り出すときには多くの電力を使います。
12|34|uranium-use|term|ウランは、主に何の燃料として学ぶ資源？|原子力発電|太陽光発電|風力発電|水力発電|製紙|養殖|核反応で発生する熱を利用する発電の燃料です。
12|34|limestone-self|term|教材の2021年の資料で、国内でとれる量が使用量の100%を占める資源は？|石灰石|原油|石炭|鉄鉱石|ボーキサイト|天然ガス|教材の石灰石は、国内で自給できる資源として整理されています。
12|34|limestone-use|term|石灰石の用途として適切な組み合わせは？|セメントや鉄鋼の原料|衣服と生糸の原料|スマートフォンの画面情報|牛乳と卵の原料|水産物の養殖だけ|郵便切手だけ|セメント工業や鉄鋼業で利用されます。
12|34|copper-use|term|銅鉱から取り出した銅の用途として、教材が挙げるのは？|電線や硬貨|布と糸|紙と段ボール|小麦粉と砂糖|原油と石炭|米と野菜|電気を通しやすい銅は電線にも使われます。
12|34|shale-source|term|シェールガスやシェールオイルを取り出す岩石の層は？|頁岩（シェール）|石灰岩のみ|花こう岩のみ|氷河|珊瑚礁|砂浜の表面だけ|泥などが積み重なって固まった頁岩の層から取り出します。
12|34|shale-countries|term|教材で、シェール資源が主に採掘される国として挙げられる組み合わせは？|アメリカ合衆国とカナダ|日本と韓国|エジプトとギリシャ|チリとペルー|イタリアとスペイン|ニュージーランドと日本|北アメリカの採掘技術の発達などにより注目されました。
12|34|rare-metals|term|電子機器などに使われる、産出量の少ない金属などの総称は？|レアメタル|パルプ|ナフサ|コークス|セメント|羊毛|教材では貴重な金属として整理され、資源の回収・再利用も重要です。
12|34|urban-mine|term|使い終えた電子機器などに資源が眠っている都市を、鉱山にたとえた呼び方は？|都市鉱山|海底油田|人工林|工業団地|大陸棚|穀倉地帯|家電などから金属を回収し、再び資源として利用できます。
12|34|urban-recovery-reason|reason|使わなくなった小型家電を回収する資源面の利点は？|金属を取り出し、再利用できる|原油を無限に生み出せる|回収すると鉱石輸入が全て不要になる|海の塩分を増やせる|全ての部品が食料になる|機器を捨てるほど資源が増える|貴重な金属を循環させ、新たに採る資源を減らすことにつながります。
12|34|olympic-recycled-metals|term|教材が紹介する、2021年開催の東京オリンピックのメダルの原料に利用されたものは？|小型家電などから回収した金や銀|すべて外国から輸入した木材|農地の稲わらだけ|海水の塩だけ|石炭だけ|原油だけ|都市鉱山から回収した金属を活用した事例です。
12|33|coal-import-read|term|教材の2024年の石炭輸入先は豪州65.3%、インドネシア17.3%、米国7.4%。最も多い国は？|オーストラリア|インドネシア|アメリカ合衆国|カナダ|日本|サウジアラビア|この資料の最大の割合はオーストラリアの65.3%です。
12|33|crude-import-read|term|教材の2024年の原油輸入先はUAE43.7%、サウジアラビア40.0%。この2か国の合計割合は？|83.7%|43.7%|40.0%|3.7%|16.3%|100%|43.7＋40.0＝83.7%。中東地域への依存が大きい資料です。
12|33|lng-import-read|term|教材の2024年のLNG輸入先は豪州38.2%、マレーシア15.5%、米国9.6%。この3か国で2番目は？|マレーシア|オーストラリア|アメリカ合衆国|日本|サウジアラビア|ブラジル|割合の大きい順に並べて読み取ります。
12|33|mineral-import-risk|reason|燃料の輸入を特定の地域に大きく頼る場合、考えておくべき課題は？|その地域の情勢で供給が不安定になるおそれ|国内での輸送が全て不要になる|必ず価格が無料になる|どんな事情でも供給は変わらない|資源を保存する必要が全くない|輸入港が無くても船で届く|輸入先の情勢や輸送経路、価格の変化が暮らしや産業に影響します。
12|33|mineral-finite|reason|鉱産資源を大切に使う必要がある理由は？|埋蔵量に限りがあり短期間で元に戻らない|使うほど地下にすぐ増える|すべて毎年畑で育つ|全ての国で無限に採れる|一度使うと必ず酸素になる|輸送中に自動的に再生する|省資源や再利用、エネルギーの使い方の工夫が必要です。
13|41|thermal-method|term|燃料を燃やして水を熱し、蒸気でタービンを回す発電方法は？|火力発電|水力発電|風力発電|太陽光発電|潮汐発電|小水力発電|石炭・石油・天然ガスなどの熱エネルギーを利用します。
13|41|hydro-method|term|水が落ちる力で水車を回す発電方法は？|水力発電|火力発電|原子力発電|太陽光発電|地熱発電|風力発電|川の上流などで水の落差を利用します。
13|41|nuclear-method|term|核反応の熱で水を熱し、蒸気でタービンを回す発電方法は？|原子力発電|火力発電|水力発電|風力発電|太陽光発電|潮汐発電|燃料を燃やす火力と、核反応を利用する原子力は熱源が異なります。
13|41|wind-method|term|風の力で風車を回して電気をつくる方法は？|風力発電|水力発電|火力発電|原子力発電|太陽光発電|地熱発電|風の強さや向きで発電量が変わります。
13|42|solar-method|term|パネルの太陽電池で、太陽の光を直接利用する発電方法は？|太陽光発電|水力発電|風力発電|火力発電|原子力発電|地熱発電|光を電気に変えます。蒸気でタービンを回す方法とは仕組みが異なります。
13|42|geothermal-method|term|地下から取り出した蒸気や熱水を利用する発電方法は？|地熱発電|水力発電|風力発電|火力発電|太陽光発電|原子力発電|火山の多い日本で利用できる、地下の熱エネルギーです。
13|41|thermal-location|reason|火力発電所が海沿いに建設される主な理由は？|輸入した燃料を船で受け取りやすい|海水をウランに変えるため|海の波だけで必ず発電するため|石炭が全て海面に浮かぶため|港では送電が禁止されるため|海沿いなら燃料が不要なため|大量の燃料を港で受け取り、発電に使います。
13|41|thermal-consumer-near|reason|発電所を電力の消費地の近くに置く利点は？|送電中に失われる電力を少なくしやすい|電線が必ず不要になる|燃料が無限に増える|電力を保存せず無料で増やせる|降水量が必ず増える|発電が不要になる|電力は送電中にも一部が失われるため、距離などが影響します。
13|41|hydro-location|reason|大規模な水力発電所が山間部に多い理由は？|川の水と大きな落差を利用しやすい|輸入したウランを船で受け取るため|太陽電池を海中に置くため|海の波だけを使うため|山にだけ石油があるため|工業用水が全く要らないため|上流にダムをつくり、水が落ちる力を使います。
13|41|hydro-rainfall|reason|水力発電の発電量が降水量の影響を受ける理由は？|利用できる川やダムの水量が変わる|雨がウランに変わる|雨が降ると全ての電線がなくなる|風車が回るから|太陽電池を使うから|燃料の輸入量だけで決まるから|雨が少ないと、発電に利用できる水も少なくなることがあります。
13|41|dam-environment|term|大規模なダムを建設するときに考えるべき課題は？|費用と、周囲の自然環境への影響|水の落差が絶対に利用できない|電気を全くつくれない|海水が原油になる|木材の輸入が禁止される|全ての道路が無料になる|建設費用が大きく、川や周辺の生態系・土地にも影響します。
13|41|small-hydro|term|用水路や上下水道などの小さな落差を利用する発電を何という？|小水力発電|洋上風力発電|原子力発電|メガソーラー|火力発電|石油精製|必ずしも大規模なダムをつくらず、身近な水の流れを利用します。
13|41|nuclear-cooling|reason|原子力発電所が海沿いに多い理由として教材が挙げるのは？|冷却のために大量の海水を利用する|船で太陽光を輸入する|海水を燃やして発電する|海の波が核反応を起こす|海底の石炭だけを燃料にする|潮の満ち引きだけで発電する|燃料の輸入に便利という火力の説明と、冷却水という原子力の説明を区別します。
13|41|nuclear-waste|term|原子力発電の課題として適切なのは？|事故への備えや放射性廃棄物の処理|風がないと必ず停止する|夜は必ず発電できない|水の落差だけで決まる|電線を使えない|燃料が一切必要ない|安全の確保と、発生する放射性廃棄物を長期間管理することが課題です。
13|41|tokai-first|term|教材で、1960年代に初めて原子力発電が行われた東海村がある県は？|茨城県|愛知県|三重県|岐阜県|静岡県|福井県|「東海村」は茨城県にあります。東海工業地域の静岡県と区別します。
13|41|wind-location|term|風力発電に適した条件は？|風を十分に受けられる海沿いや高地|風が全く吹かない密閉室|海底の泥の中|日光のない地下室だけ|水の流れのない池だけ|全ての地下鉱山|風のエネルギーを利用するため、風況を調べて設置します。
13|41|offshore-wind|term|海の上に風車を設置する発電を何という？|洋上風力発電|小水力発電|地熱発電|原子力発電|火力発電|太陽光発電|陸上の風力に加えて、海上の風も利用します。
13|41|wind-problems|term|風力発電の課題として適切なのは？|風による発電量の変動や騒音への配慮|毎回石油を大量に燃やすこと|ウランの核反応を起こすこと|必ず海水を燃料にすること|昼しか発電できないこと|水の落差が絶対に必要なこと|設置場所の風の条件や周辺への影響を考える必要があります。
13|42|solar-weather|reason|太陽光発電の発電量が、天候や昼夜で変わる理由は？|パネルに届く太陽の光が変わる|夜は風が必ず止まる|雨が必ず原油に変わる|月の光だけで同じ量を発電する|地下の熱が消える|ウランの量が毎晩変わる|日射が弱いと発電量は少なくなり、夜は太陽光で発電できません。
13|42|mega-solar|term|教材で、出力1000kW以上の大規模な太陽光発電施設の呼び方は？|メガソーラー|コンビナート|都市鉱山|小水力発電|油田|工業団地|1000kWは1MWです。大規模な太陽光発電の施設を指します。
13|42|solar-land-care|reason|太陽光パネルの設置前に周辺と話し合うべき理由は？|景観・反射光・斜面の土砂流出などに配慮する|設置すれば全ての災害がなくなる|パネルが必ず作物を増やす|全ての住民が電力を使えなくなる|太陽光が毎晩強くなる|地中の原油が無限に増える|再生可能エネルギーでも、土地や周囲への影響を考えて設置します。
13|42|geothermal-steady|term|地熱発電の利点として適切なのは？|天候や昼夜によらず地下の熱を利用できる|全ての場所で同じ費用でできる|地下を掘らずに必ず発電できる|太陽が出ている昼だけ使える|風があるときだけ使える|石炭を毎回燃やす|太陽光や風力と比べ、天候の影響を受けにくい発電です。
13|42|geothermal-cost|term|地熱発電の課題として教材が挙げるのは？|深い井戸を掘る費用や温泉地との調整|必ず海の落差が必要|毎日原油を輸入する必要|夜は熱が全て消える|風がなければ発電できない|河川の水を全て止める必要|地下の調査・掘削と、温泉などの地域の利用との調整が必要です。
13|41|renewables-group|term|再生可能エネルギーを利用する組み合わせは？|太陽光・風力・水力・地熱|石炭・原油・天然ガス|ウラン・原油・石炭|鉄鉱石・ボーキサイト・銅鉱|コークス・ナフサ・ガソリン|石油・灯油・軽油|自然の働きで繰り返し利用できるエネルギー源を使います。
13|41|generation-share-change|term|教材の発電割合は1950年水力81.7%、火力18.3%。1970年水力22.3%、火力76.4%。この間の変化は？|水力中心から火力中心へ移った|火力中心から水力中心へ移った|火力が使われなくなった|水力の割合が増えた|全て太陽光に置き換わった|両年とも水力と火力は同じ割合|同じ統計の割合を年度間で比較します。
13|41|energy-v-electricity|reason|「エネルギー供給割合」と「発電のエネルギー源の割合」を同じ値として読めない理由は？|電気以外の燃料利用も含む資料と、発電だけの資料で範囲が違う|どちらも必ず同じ分母だから|割合を示す資料は全て同じだから|年度は関係ないから|表題は不要だから|単位を使っていないから|自動車の燃料など、電力以外に使うエネルギーもあります。表題と範囲を確認します。
13|41|generation-nuclear-change|term|教材の原子力発電割合は2010年24.9%、2020年3.9%。この期間に割合が下がった背景として挙げられるのは？|2011年の福島第一原発事故後の停止など|1953年のテレビ放送開始|1871年の郵便制度開始|全ての河川の消滅|半導体が食料になったこと|太陽が消滅したこと|教材は事故後の安全性の問題と、原子力の割合の低下を説明しています。
13|41|mix-diversification|reason|一つの発電方法だけに頼らず、複数の方法を組み合わせる理由は？|供給の変動や、それぞれの課題を補いやすくするため|組み合わせると燃料が必ず無限になる|電線が全て不要になる|どの方法にも課題が一切ない|全ての発電所を同じ場所に置ける|消費する電力が必ずゼロになる|安定した供給、費用、環境への影響などを合わせて考えます。
13|41|conservation-action|term|発電に必要な資源を節約する行動として適切なのは？|使わない照明や機器の電源を切る|照明を一日中つけておく|冷暖房を常に最大にする|使わない機器を増やす|窓を開けて強く冷房する|節電のため照明を追加する|必要な電力を減らすことは、燃料消費や環境負担を減らすことにつながります。
