16|65|stats-title|term|統計資料で、何について調べたものかを最初に確かめる部分は？|表題|色だけ|線の太さだけ|紙の大きさだけ|図の位置だけ|余白だけ|表題を読み、資料の内容や集計範囲をつかみます。
16|65|stats-year|reason|統計資料の年代を確認する必要がある理由は？|数値や順位は時間とともに変わることがある|どの年も必ず同じ値だから|年度は飾りにすぎないから|古い資料は全て計算できないから|年度が単位と同じだから|新しい資料なら表題が不要だから|教材の数値を、現在の数値だと決めつけないようにします。
16|65|stats-unit|term|「万トン」と「トン」を取り違えないために、資料で確認するものは？|単位|文字の色だけ|地域名だけ|線の本数だけ|図の位置だけ|背景の模様だけ|同じ数字でも単位が違えば量が大きく異なります。
16|65|pie-purpose|term|円全体を100%として、項目の構成比を扇形で表すグラフは？|円グラフ|折れ線グラフ|棒グラフ|散布図|地形図|年表|全体に対して各項目がどれくらいを占めるかを表します。
16|65|band-purpose|term|帯全体を100%とし、項目ごとの構成比を区切って表すグラフは？|帯グラフ|棒グラフ|折れ線グラフ|地形図|路線図|年表|複数の帯を並べると、年度や地域の構成の違いを比較できます。
16|65|bar-purpose|term|項目ごとの数量の大小を、棒の高さや長さで比べるグラフは？|棒グラフ|円グラフ|帯グラフ|路線図|等高線図|年表|軸の目盛りや単位を確かめて数量を比較します。
16|65|line-purpose|term|時間に沿った数値の連続的な変化を見るのに適したグラフは？|折れ線グラフ|円グラフ|帯グラフ|白地図|地形図|路線図|年や月などを横軸に置き、点を線で結んで変化を表します。
16|65|line-direction|term|同じ目盛りの折れ線グラフで、線が右下がりの区間は何を表す？|その期間に数値が減少した|その期間に数値が増加した|全期間の数値がゼロ|必ず人口が増えた|割合が必ず100%になった|単位が変わった|右上がりなら増加、右下がりなら減少です。
16|65|line-slope|reason|時間の間隔と縦軸の目盛りが同じ場合、折れ線の傾きが急な区間から分かることは？|その期間の変化が大きい|必ず全期間で最大の値である|数値が必ずゼロである|資料の単位が不要になる|全ての区間が同じ値になる|人口だけを調べた資料である|数値の大きさと、変化の大きさは別のことです。
16|65|band-order|reason|年度ごとの帯グラフで項目の並び順をそろえる理由は？|同じ項目の割合の変化を追いやすくする|毎年必ず同じ割合にする|合計を200%にする|単位を全てなくす|棒の高さを比べるためだけ|資料の年度を隠す|色や項目の順序をそろえると、構成の変化を見比べやすくなります。
16|65|percent-v-amount|reason|円グラフで割合が大きい地域が、必ず数量も多いとは限らない理由は？|比べる全体の数量が違う場合がある|円は数字を表せないから|割合は常に数量と同じだから|全体は必ず100個だから|単位が全て同じだから|地域の名前で数量が決まるから|割合から数量を比較するには、それぞれの合計量も確認します。
16|65|percent-point|number|ある割合が20%から30%になった。増加した幅は何ポイント？|10ポイント|50ポイント|30ポイント|20ポイント|1.5ポイント|100ポイント|30−20＝10ポイント。増加率50%とは区別します。
16|65|percent-relative|number|数量が20から30になった。もとの数量に対して何%増えた？|50%|10%|30%|20%|150%|200%|増えた10を、もとの20で割ると0.5＝50%です。
16|66|cars-unit-conversion|number|教材の海外自動車生産台数の表は単位が「千台」。10049千台は何万台？|1004.9万台|10049万台|100.49万台|10.049万台|1.0049万台|100490万台|1万台は10千台なので、10049÷10＝1004.9万台です。
16|66|cars-asia-increase|number|教材でアジアの海外自動車生産は2000年1674千台、2005年3964千台。増加は何万台？|229万台|2290万台|22.9万台|563.8万台|167.4万台|396.4万台|差は2290千台＝229万台です。
16|66|cars-nonmonotonic|term|教材のアジア生産は1995年1883千台、2000年1674千台、2005年3964千台。この区間の正しい説明は？|一度減少してから増加した|ずっと増加した|ずっと減少した|全て同じだった|2000年が最大だった|2005年が最小だった|始めと終わりだけでなく、途中の年度も確認します。
16|66|cars-ranking-transition|term|教材で海外自動車生産の最多地域は2005年北アメリカ、2010年アジア。正しい読み取りは？|最多の地域が変わった|両地域が常に同じ台数だった|北アメリカの生産がゼロになった|アジアでは2005年に生産していなかった|全世界の生産がゼロになった|ヨーロッパが両年とも最多だった|順位の入れ替わりと、生産がなくなることは違います。
16|66|table-dash|term|教材の自動車生産表の「—」は、注記によると何を表す？|数値が不明、または小さいこと|必ずゼロであること|必ず前年と同じこと|必ず最大であること|輸入額を表すこと|単位が万人であること|表の記号は、注記で意味を確かめます。
16|70|dual-axis|reason|左右に別々の目盛りを持つグラフで、労働時間と収穫量を読む際の注意は？|それぞれ対応する軸と単位を使う|どちらも必ず左の軸だけを使う|棒と線の高さが同じなら値も単位も同じ|単位を全て無視する|グラフの高さだけを答えにする|右軸は飾りなので読まない|時間とkgは異なる単位です。どの系列がどの軸に対応するか確認します。
16|70|yield-v-time|term|教材の1960〜2000年の米づくりの資料で、10aあたりの労働時間は減り、収穫量は増えている。正しい説明は？|少ない時間でより多く収穫できるようになった|収穫量がゼロになった|作付面積が必ず10倍になった|労働時間が増えた|全ての農家が消えた|米の輸入が必ずなくなった|10aあたりの資料なので、生産の効率の変化を考えられます。
16|70|machine-count-limit|reason|農業用機械の台数が減った資料だけで、「機械化が後退した」と断定できない理由は？|機械の大型化や農家数の変化も考える必要がある|機械の台数は必ず農地の面積だから|台数が減ると収穫量は必ずゼロ|台数は全ての年で同じだから|機械は労働時間に一切関係しない|どの機械も同じ能力だから|台数だけでなく、性能や規模、利用する農家の数も確認します。
16|71|internet-threshold-age|term|教材の2021年の年齢別利用率は70〜79歳59.4%、80歳以上27.6%。「全ての年齢で80%超」といえる？|いえない。80%以下の年齢層がある|いえる。全体の利用率が高いから|いえる。どの年齢も100%だから|いえる。27.6は80より大きいから|いえる。年齢層は資料にないから|資料からは一切判断できない|「全て」と書かれた選択肢は、一つでも条件に合わない項目がないか調べます。
16|71|internet-age-not-users|reason|年齢別の利用率が高い層が、必ず利用者数も最多とは限らない理由は？|各年齢層の人口が違うから|利用率は年齢そのものだから|人口は全ての層で必ず同じだから|割合は人数と常に等しいから|年齢の単位は円だから|利用者数は必ずゼロだから|人数を求めるには、各層の人口にその層の利用率をかけます。
16|71|internet-income|term|教材の2021年の世帯年収別資料で、200万円未満の利用率55.8%。正しい説明は？|この層の利用率は80%未満|全ての人が利用している|利用する人が一人もいない|利用率は80%を超える|この層が必ず利用者数最多|全体の利用率も必ず55.8%|資料が直接示すのは、この所得層の利用率です。
16|71|internet-causality-limit|reason|年収別のインターネット利用率に違いがあっても、資料だけで断定できないことは？|年収だけが利用率の違いの原因であること|各層の利用率が違うこと|資料の対象年が2021年であること|利用率の単位が%であること|資料が年収別に分類されていること|ある層が80%未満であること|年齢や端末環境など、ほかの要因の検討も必要です。
16|72|care-two-trends|term|教材で介護施設の職員数は2001年42万500人→2016年56万6747人、認定者は298万人→632万人。正しい読み取りは？|両方増えたが、認定者数の増え方が大きい|両方ゼロになった|職員数だけ減った|認定者数だけ減った|両方同じ人数になった|職員数は2倍を超えた|職員は約1.35倍、認定者は約2.12倍です。単位や対象の違いにも注意します。
16|72|care-scope-limit|reason|介護施設の職員数と、年間の介護認定者数だけから、職員1人の実際の担当人数を決められない理由は？|時点と対象が異なり、施設利用者数の資料も必要だから|人数は割り算できないから|職員数と認定者数は必ず同じだから|全ての認定者が同じ施設に入るから|表題は関係ないから|認定者の単位が必ずkmだから|認定者全員が施設を利用するわけではなく、集計時点も異なります。
16|65|bar-figure-difference|number|図の仮の資料で、BとAの数量の差はいくつ？|15|5|20|35|55|70|図ではA20、B35なので、35−20＝15です。
16|65|bar-figure-total|number|図の仮の資料で、A・B・Cの合計はいくつ？|70|55|50|35|15|100|A20＋B35＋C15＝70です。棒は数量を表し、割合ではありません。
16|65|bar-figure-share|number|図の仮の資料で、合計に対するBの割合は何%？|50%|35%|20%|70%|15%|100%|B35÷合計70＝0.5＝50%です。
16|65|line-figure-decrease|term|図の仮の資料で、数量が減った区間は？|2021年から2022年|2020年から2021年|2022年から2023年|全ての区間|減った区間はない|2020年から2023年全体|2021年20から2022年15へ減っています。前後の区間は増加しています。
16|65|line-figure-net|number|図の仮の資料で、2020年から2023年までの数量の増加はいくつ？|20|10|15|30|40|5|始めの10と終わりの30の差を求め、30−10＝20です。
16|65|line-figure-claim|term|図の仮の資料について正しい説明は？|途中で減る年もあるが、始めより終わりの値が大きい|毎年必ず増えている|毎年必ず減っている|2022年が最大|2020年が最大|全ての年が同じ値|全体の傾向と、一つずつの区間の変化を分けて読みます。
16|65|sample-v-total|reason|「回答者の60%」という資料から、日本の全人口の60%と決めつけられない理由は？|調査した人の範囲や選び方を確認する必要がある|60%は必ず60人だから|回答者はいつも全人口と同じだから|割合は単位がないので意味がない|表題は数字ではないから|年度は全て同じだから|どのような調査の、誰を分母とした割合かを確認します。
16|65|rounding-sum|reason|四捨五入された割合の合計が99.9%や100.1%になる場合、適切な対応は？|丸め方や注記を確認する|資料が必ず偽物だと決める|全部の値を100%に直す|単位をトンに変える|年を取り除く|最も小さい項目を消す|丸める前の値では100%でも、表示値の合計が少しずれることがあります。
16|65|axes-scale-care|reason|2つの棒グラフの高さだけで数量を比べる前に確認するものは？|縦軸の目盛りと単位がそろっているか|図の背景色だけ|棒の色だけ|文字の書体だけ|余白の大きさだけ|印刷位置だけ|目盛りの幅や軸の始まりが違うと、見た目の差は量の差と一致しません。
