14|49|processing-trade|term|原料や燃料を輸入し、日本で製品をつくって輸出する貿易は？|加工貿易|逆輸入|現地生産|地産地消|自給自足|国内輸送|資源を輸入し、加工によって価値を加えた工業製品を輸出する方法です。
14|49|reverse-import|term|日本企業が海外の工場でつくった製品を、日本へ輸入することは？|逆輸入|加工貿易|国内生産|地産地消|自給自足|国内販売のみ|日本企業の海外生産品でも、日本に入るときは輸入品になります。
14|49|trade-structure-historical|term|教材の1934〜36年平均で、輸入の綿花30.5%と輸出の綿織物20.0%を結びつけた説明は？|せんい原料を輸入し、せんい製品を輸出していた|原油を輸出し自動車を輸入していた|半導体だけを輸出していた|綿織物を鉱山から採っていた|貿易を全く行っていなかった|綿花は機械工業の完成品だった|戦前のせんい工業を中心とした貿易の特徴が読み取れます。
14|49|trade-products-import-growth|reason|工業製品の輸入が増えた理由として教材が挙げるのは？|海外生産品の逆輸入や、アジアの工業化|工業製品の使用が全て禁止された|外国では工業が全てなくなった|日本が全資源を自給するようになった|輸送手段が全てなくなった|輸入には完成品が含まれない|原料や燃料だけでなく、完成した機械なども輸入しています。
14|49|trade-partner-2021|term|教材の2021年の輸出入総額で、日本の最大の貿易相手国は？|中国|アメリカ合衆国|カナダ|フランス|サウジアラビア|ロシア|教材の年度の総額を問う問題です。輸出だけの順位とは区別します。
14|49|trade-region-asia|term|教材で、日本の輸出・輸入ともに取引が多い地域として挙げられるのは？|アジア|南極|アフリカのみ|南アメリカのみ|オセアニアのみ|ヨーロッパのみ|中国や韓国など、アジアの国・地域との取引が多くなっています。
14|50|trade-surplus|term|輸出額が輸入額を上回る状態は？|貿易黒字|貿易赤字|円高|円安|逆輸入|輸入制限|輸出額から輸入額を引いた差がプラスです。
14|50|trade-deficit|term|輸入額が輸出額を上回る状態は？|貿易赤字|貿易黒字|円高|円安|現地生産|加工貿易|輸出額から輸入額を引いた差がマイナスです。
14|50|trade-friction|term|貿易の不均衡や産業への影響をめぐって、国の間で起きる対立を何という？|貿易摩擦|都市鉱山|間伐|エネルギー革命|送電|品種改良|教材では、日本の自動車などの輸出をめぐる日米の問題を例にしています。
14|50|local-production-response|reason|日本企業が輸出先の国で現地生産を行うことは、貿易摩擦の対策としてなぜ役立つ？|その国の雇用や生産に関わり、完成品の輸出を減らせる場合がある|現地では材料が全く必要なくなる|日本からの輸出が必ず無限に増える|輸入関税を全世界で自動的に廃止できる|工場では人が一切働けなくなる|外国の通貨が全て円になる|相手国に工場を設ける方法には、貿易の関係を調整する意味もあります。
14|50|yen-appreciation|term|1ドル120円から1ドル100円になった。この変化は？|円高|円安|貿易黒字|貿易赤字|逆輸入|現地生産|同じ1ドルを、より少ない円で買えるので円の価値が上がっています。
14|50|yen-depreciation|term|1ドル100円から1ドル120円になった。この変化は？|円安|円高|貿易黒字|貿易赤字|加工貿易|輸入自由化|同じ1ドルを買うために必要な円が増え、円の価値が下がっています。
14|54|yen-import-calculation|number|価格10ドルの輸入品は、1ドル120円から100円になると、円でいくら安くなる？ 手数料は考えない。|200円|20円|100円|1000円|1200円|2000円|1200円から1000円になるため、差は200円です。
14|54|yen-export-price|number|日本で120万円の製品を、1ドル100円でドルに換算するといくら？|1万2000ドル|1万ドル|1200ドル|120万ドル|100ドル|12万ドル|120万円÷100円＝1万2000ドルです。
14|54|yen-export-effect|reason|円高になると、日本の同じ円価格の製品の輸出に不利になりやすい理由は？|外国通貨で見た価格が高くなりやすい|外国通貨で必ず無料になる|原料が不要になる|海外の工場が全て消える|日本の製品が必ず半額になる|全ての外国が円を使う|ほかの条件が同じなら、外国の購入者にとって価格が上がります。
14|54|yen-import-effect|reason|円安になると、同じドル価格の輸入品の購入に不利になりやすい理由は？|支払う円の額が増える|支払う円が必ず減る|輸入品が全て国産になる|輸送が一切不要になる|価格が必ずゼロになる|ドルと円が同じ通貨になる|ドル価格が変わらなくても、円に換算した費用が増えます。
14|56|yen-travel|reason|同じドル額を使う海外旅行で、円高が旅行者に有利になりやすい理由は？|ドルに交換するための円が少なくてすむ|ドル価格が必ずゼロになる|旅券が不要になる|世界中の物価が必ず同じになる|日本円を交換する必要が必ずなくなる|円高は常に円の価値が下がるから|円の価値と、交換に必要な円の額を結びつけて考えます。
14|50|tariff|term|国内産業の保護などのため、輸入品にかける税は？|関税|受信料|電気料金|切手代|通行料|運賃|関税は輸入品の価格などに影響します。
14|50|trade-liberalization|term|関税や輸入量の制限を減らしたり、なくしたりする動きは？|貿易の自由化|貿易の完全禁止|地産地消|間伐|エネルギー革命|送電|国際的な取引を行いやすくする動きです。
14|50|liberalization-consumer|reason|輸入自由化で、消費者にとって期待できる利点は？|商品を選べる幅が広がり、価格が下がることがある|全商品が必ず無料になる|全ての国産品が消える|国内では買い物ができなくなる|全ての輸入がなくなる|食料を全く食べなくてよくなる|競争や取引の拡大は、価格や選択肢にも影響します。
14|53|liberalization-farmer|reason|安い農産物の輸入が増えると、国内の農家が直面する課題は？|輸入品との価格競争|農地が必ず倍になる|どんな価格でも必ず売れる|農作業が全て不要になる|輸出が全て禁止される|農産物が鉱石に変わる|消費者への利点と、国内の生産者への影響を合わせて考えます。
14|50|beef-orange-history|term|教材で、1991年に輸入自由化が行われた品目の組み合わせは？|牛肉とオレンジ|米と石炭|原油と鉄鉱石|生糸と時計|木材と紙|ウランと銅|自由化の歴史の例です。現在の制度を問う問題ではありません。
14|50|tpp|term|太平洋に面した国々の間で自由な貿易などを目指す協定の略称は？|TPP|LNG|IC|ATM|SNS|NHK|環太平洋パートナーシップ協定の略称として教材に登場します。
14|50|epa|term|貿易に加えて人の移動・サービス・お金など、幅広い経済関係を扱う協定は？|経済連携協定（EPA）|都市鉱山|原子力協定のみ|郵便制度|工業団地|液化天然ガス|経済関係を広く深めるための取り決めです。
14|49|trade-total-v-export|reason|輸出額の順位と輸出入総額の順位が同じとは限らない理由は？|総額には輸入額も含まれるから|輸出額には必ず人口が含まれるから|総額はいつも輸出の2倍だから|輸入額は全ての国で同じだから|金額は足し算できないから|年度が違っても必ず同じだから|何を合計した統計かを確かめて読みます。
14|52|trade-balance-calc|number|仮の資料で輸出が80兆円、輸入が95兆円。差額と状態の組み合わせは？|15兆円の貿易赤字|15兆円の貿易黒字|175兆円の貿易黒字|80兆円の貿易赤字|95兆円の貿易黒字|差額なし|80−95＝−15兆円なので、15兆円の赤字です。
14|49|trade-share-raw-v-finished|term|原料・燃料と完成品の組み合わせとして正しいのは？|鉄鉱石は原料、自動車は完成品|自動車は原料、鉄鉱石は完成品|原油と自動車は両方完成品|半導体と衣類はどちらも燃料|綿花と生糸はどちらも石油製品|石炭と牛肉はどちらも機械|輸出入の品目は、産業でどのように使うかも考えて区別します。
14|56|exchange-market|term|円やドルなど、各国の通貨を交換する売買が行われる市場は？|外国為替市場|魚市場|中央卸売市場|工業団地|証券取引の株式だけ|都市鉱山|通貨の交換比率は、さまざまな取引や条件の影響で変動します。
14|56|interest-currency-demand|reason|教材の仮定で、米国の預金金利が日本より高く、円をドルに替える人が増えると、円にはどんな方向の力がかかる？|円が売られ、円安になる方向|円が売られ、必ず円高になる方向|円とドルが同じ通貨になる方向|全ての通貨が無料になる方向|通貨の交換が禁止される方向|日本の金利だけが必ず無限になる方向|教材の単純化した例です。実際の為替は複数の要因で動きます。
15|57|relay-post|term|一定の距離に駅家を置き、馬でリレーのように情報を運んだ仕組みは？|駅伝制|飛脚制度|SNS|電話|衛星放送|ラジオ放送|途中で馬や人を交代しながら情報を運ぶ制度でした。
15|57|smoke-signals|term|山の上などから煙を上げ、遠方へ合図を送る通信手段は？|のろし|かわら版|郵便|電話|テレビ|電子メール|緊急時の連絡や軍事的な合図などに用いられました。
15|57|courier-edo|term|江戸時代、手紙や荷物を運ぶために走った人は？|飛脚|漁師|林業作業員|製鉄工|船大工|駅長|江戸・京都・大阪などの間で手紙や荷物を運びました。
15|57|kawaraban|term|江戸時代の出来事を伝えた、現在の新聞に似た木版印刷物は？|かわら版|切手|電子メール|テレビ|電話|地形図だけ|広く人々に社会の出来事を知らせる役割がありました。
15|57|maejima|person|1871年に郵便制度を整えた人物は？|前島密|グラハム・ベル|葛飾北斎|伊能忠敬|福沢諭吉|渋沢栄一|近代の郵便制度を整えた人物として学びます。
15|57|postal-start-year|number|教材で、日本の近代的な郵便制度が始まった年は？|1871年|1925年|1953年|1991年|1960年|2021年|明治時代の1871年に始まりました。
15|57|postal-equal-fee|reason|全国均一料金の郵便制度を整える意義は？|多くの人が遠くへ手紙を送りやすくなる|遠くの人と一切連絡できなくなる|手紙を全て船で海外へ送る|通信の料金が必ず無限になる|新聞が全て禁止される|全ての手紙が映像になる|広く使いやすい通信の仕組みを整えることにつながりました。
15|57|bell-telephone|person|教材で、電話の発明家として紹介される人物は？|グラハム・ベル|前島密|葛飾北斎|伊能忠敬|豊臣秀吉|徳川家康|電話は1877年に日本へ紹介されたと教材にあります。
15|57|first-telephone-route|term|教材で、1890年に初めて電話回線が敷かれた都市の組み合わせは？|東京と横浜|札幌と那覇|大阪と福岡|京都と仙台|神戸と長崎|名古屋と新潟|近代の通信網の整備の一例です。
15|57|newspaper-v-kawaraban|term|近代の新聞が、かわら版より多くの情報を載せられるようになった背景は？|印刷技術や情報収集の体制の発達|すべて手書きに戻ったこと|電波だけで紙をつくること|写真が全て禁止されたこと|情報が不要になったこと|郵便が江戸時代に消えたこと|写真や詳しい記事なども掲載されるようになりました。
15|58|radio-start|number|教材で、日本のラジオ放送が始まった年は？|1925年|1871年|1890年|1953年|1991年|2021年|大正時代の1925年に東京放送局が放送を始めました。
15|58|radio-feature|term|ラジオが、主にどんな形で情報を届ける？|音声|紙の印刷物|荷物の配達|画像だけ|煙だけ|手紙だけ|無線通信を使い、ニュースや娯楽を音声で広く届けます。
15|58|television-start|number|教材で、日本のテレビ放送が始まった年は？|1953年|1871年|1890年|1925年|1991年|2021年|昭和時代の1953年に放送が始まりました。
15|58|television-feature|term|テレビがラジオに加えた、情報の伝え方は？|音声とともに映像も伝える|音声を一切使わない|紙の手紙だけを運ぶ|荷物だけを運ぶ|煙の合図しか使わない|全て馬で情報を運ぶ|映像も利用して情報を届ける点が特徴です。
15|58|internet-spread-era|term|教材で、日本でもインターネットが急速に普及した時期は？|1990年代|1870年代|1890年代|1920年代|1950年代|江戸時代|平成時代に、電子メールやウェブサイトなどの利用が広がりました。
15|58|internet-search|term|インターネットを使う調べ学習の例は？|ウェブサイトで資料を検索する|山で煙を上げる|馬を乗り継いで手紙を運ぶ|木版を手で彫るだけ|石炭を運ぶ|川にダムをつくる|情報の検索や送信などに利用できます。
15|58|smartphone|term|携帯端末でインターネットへのアクセスや検索を手軽にした道具は？|スマートフォン|黒電話|かわら版|のろし|切手|ラジオ受信機だけ|通話やメッセージだけでなく、さまざまな情報サービスを利用できます。
15|58|sns|term|インターネットを通して交流し、文章・画像・動画などを発信できるサービスの略称は？|SNS|LNG|IC|EPA|TPP|ATM|ソーシャル・ネットワーキング・サービスの略です。
15|58|atm|term|銀行のネットワークを利用して、現金の預け入れや引き出しなどをする機械は？|ATM|SNS|IC|TPP|EPA|LNG|現金自動預け払い機のことです。
15|58|reservation-network|term|コンピューターを結ぶネットワークの利用例として教材が挙げるのは？|鉄道や航空機の予約システム|石炭の燃焼だけ|自然林の成長だけ|川の侵食だけ|田んぼの耕地整理だけ|海水の蒸発だけ|空席などの情報をやり取りし、予約に利用します。
15|61|nhk|term|日本放送協会を表すアルファベット3文字は？|NHK|SNS|ATM|EPA|TPP|LNG|教材の東京放送局は、現在の日本放送協会につながります。
15|63|commercial-broadcast|term|民間放送局の番組の合間に流れ、企業などが費用を出すものは？|CM（広告）|関税|切手|国勢調査|森林の間伐|輸入許可証|企業などの広告料が、番組制作の費用の一部になります。
15|63|public-broadcast|term|教材で、NHKは「何放送」と位置づけられる？|公共放送|国営放送|個人放送のみ|企業広告放送のみ|学校放送だけ|衛星放送だけ|公共放送として、災害などの情報を広く伝える役割があります。
15|63|nhk-fee|term|教材で、NHKの番組制作費用を支えるものとして挙げられるのは？|受信料|輸入関税|切手代|空港使用料|通行料|石油の代金|公共放送と民間放送では、費用をまかなう仕組みが違います。
15|63|satellite-broadcast|term|宇宙空間の人工衛星から電波を送る放送は？|衛星放送|飛脚制度|郵便制度|駅伝制|かわら版|のろし|地上だけでなく、人工衛星を利用して電波を届けます。
15|57|communication-order|term|日本での開始の順序として正しいのは？|郵便制度→ラジオ放送→テレビ放送|テレビ放送→ラジオ放送→郵便制度|ラジオ放送→テレビ放送→郵便制度|郵便制度→テレビ放送→ラジオ放送|テレビ放送→郵便制度→ラジオ放送|ラジオ放送→郵便制度→テレビ放送|1871年、1925年、1953年の順です。
15|64|household-v-population|reason|パソコンの「家庭普及率」と、インターネットの「人口普及率」をそのまま同じ値として比べにくい理由は？|世帯と人で、数えている対象が違う|どちらも必ず同じ人を数える|世帯数と人口はいつも等しい|割合は必ず100%になる|年度を確認する必要がない|インターネットはパソコンだけで使える|分母が世帯か人かを確認し、スマートフォンなどの利用も考えます。
15|64|internet-not-only-pc|reason|インターネット利用者の割合が、パソコンの家庭普及率より高い場合に考えられることは？|スマートフォンなど、パソコン以外でも利用する|パソコン所有者が必ず全員利用する|インターネットが使われていない|全ての世帯の人数が1人|普及率の資料は全て間違い|電話は必ず紙でできている|機器の所有とサービスの利用は別の統計であり、利用端末も複数あります。
15|58|contracts-v-people|reason|携帯電話の契約件数から、利用する人の数をそのまま決められない理由は？|1人が複数回線を契約する場合もある|契約件数は必ず人口と同じ|契約件数は全て年齢を示す|契約の単位はいつも平方キロメートル|携帯電話では通信できない|固定電話の数が必ずゼロだから|契約の数と人の数は、数える対象が異なります。
15|58|survey-change-caution|reason|調査票の設計が前年と異なると注記された統計で、時系列比較に注意する理由は？|数え方の変更が数値に影響する可能性がある|表題を読まなくてよくなる|数値が必ず同じになる|すべての数値がゼロになる|最新年だけ単位が必ずなくなる|注記は全く意味がない|変化が利用の増減によるのか、調査方法の影響なのかを確認します。
